id,log_income,subject,gap
600001,11.39204788208008,math,-0.5628551662829374
600006,11.6072359085083,math,0.06116342190257066
600011,10.704569816589359,math,-0.0154174278222427
600012,10.58978652954102,math,
600013,11.399662017822273,math,0.0544540398929237
600014,10.826107025146479,math,0.020526454824926037
600015,10.31087493896484,math,-0.007544880658130966
600016,11.06938362121582,math,0.0010630632106341854
600017,10.78744506835938,math,-0.03274515703134464
600018,10.25201797485352,math,
600019,11.74435329437256,math,0.07716571194728603
600020,11.808919906616213,math,0.06863051725191906
600021,11.50899219512939,math,
600022,10.24083518981934,math,-0.02764383469182576
600025,11.814537048339838,math,0.1771433945732876
600026,10.66465950012207,math,0.04098797867845636
600027,11.061327934265142,math,-0.0651920766867334
600028,11.37741756439209,math,-0.003690209421696861
600029,11.30858516693115,math,-0.01258636102890008
600031,10.37092208862305,math,
600032,11.52828598022461,math,0.0748073136212217
600033,10.54428291320801,math,-0.15526762675456127
600034,11.37455272674561,math,-0.012477677528710044
600035,10.48046398162842,math,-0.09673279388923736
600036,11.14308834075928,math,-0.04714522752266687
600037,10.7682523727417,math,-0.10069349377110932
600039,10.822449684143072,math,-0.08299738389207774
600040,10.75186824798584,math,-0.018013623990234783
600042,10.57500648498535,math,
600043,11.503466606140142,math,0.0889811312050415
600044,11.302478790283198,math,-0.007289306665646675
600045,10.65819263458252,math,-0.024750693682199662
600046,10.87400436401367,math,-0.12985348348654446
600047,11.245462417602539,math,-0.05012790791032372
600048,10.982802391052251,math,-0.0600511874339514
600049,11.030333518981928,math,-0.05841457220755422
600051,10.74984073638916,math,-0.02184406504107823
600052,10.59512329101563,math,0.03967350522900909
600060,11.1112060546875,math,-0.0038724285437013992
600061,10.780407905578608,math,-0.17397074276900298
600062,10.97074890136719,math,0.058387972866716174
600063,10.86381149291992,math,0.11936118696407128
600064,10.41744613647461,math,-0.029196438951285875
600065,10.572991371154787,math,-0.0766652729704644
600067,10.65362548828125,math,-0.012544991470803913
600068,11.179920196533198,math,-0.10357098881409303
600069,11.18924808502197,math,0.011668545825799986
600153,10.85792636871338,math,-0.06659595302421402
600158,10.80752468109131,math,-0.058394425528769875
600159,10.71937465667725,math,0.058784185127675324
600160,10.975931167602539,math,0.006848855456433535
601331,10.588629722595213,math,-0.20101477129455966
601332,10.656843185424801,math,-0.08283806271960484
601339,,math,0.0035587227175591365
601409,,math,0.0999068836925179
601410,,math,0.05245248413651405
601414,11.14364528656006,math,-0.016262172450401402
601415,,math,-0.056937125672714736
601418,,math,-0.07525505988884877
601420,,math,-0.10701264052829132
601421,,math,-0.0911020397377291
601423,,math,0.05253144242090033
601426,,math,0.0905419011036191
601427,,math,-0.015681085787890448
601428,,math,-0.024930125843282545
601442,,math,0.01735027317748042
601620,11.15050506591797,math,-0.0474117262182389
601680,10.976290702819819,math,-0.10242158828608494
601710,10.71150207519531,math,-0.13635069917789455
601770,11.397366523742681,math,0.031411578980590084
601860,11.29012966156006,math,-0.1165690798723334
601890,11.324156761169428,math,
601950,10.88011074066162,math,-0.07221808385130507
601980,10.31390953063965,math,
602010,10.326334953308107,math,
602070,10.968690872192381,math,
602100,11.3067626953125,math,-0.0979513126988094
602160,11.36062431335449,math,0.048458709513802066
602220,10.34849262237549,math,-0.325738992187407
602250,10.923826217651367,math,
602310,11.121335983276367,math,-0.0800931763019906
602360,10.70630741119385,math,-0.13112566354424254
602370,10.74021911621094,math,
602430,10.997007369995119,math,-0.10299565691375183
602450,10.9269437789917,math,-0.07987293001281696
602610,10.96921634674072,math,0.003026066795303823
602730,10.64942264556885,math,-0.4415080420371197
602760,10.51495933532715,math,0.07417147134564414
602850,11.07356739044189,math,-0.11726738448777475
602970,11.355020523071287,math,0.06524656576949313
603000,10.29889392852783,math,0.06514645403895565
603060,11.209935188293462,math,-0.08922573185587268
603090,10.82584953308105,math,
603180,10.65876483917236,math,-0.0884674396618079
603270,10.464963912963867,math,-0.10916649469498617
603300,11.15180206298828,math,0.006641351496372944
603420,10.76620674133301,math,-0.05390029859412086
603480,10.96713924407959,math,-0.01946449273980344
603600,10.99164295196533,math,-0.041059155813896665
603610,10.72440242767334,math,
603630,10.50872707366943,math,-0.06651303248348125
603690,10.94316959381104,math,-0.01115309461013072
603720,11.50443172454834,math,
603750,10.956613540649409,math,0.053547590018734735
603780,10.61612606048584,math,
603840,10.54803943634033,math,-0.19454513107206256
603870,10.93431091308594,math,-0.03659034083902342
604020,10.56750583648682,math,-0.08761207947381916
604080,10.85445022583008,math,0.0093909987965006
604110,10.97986698150635,math,-0.17157626600747405
604200,11.305715560913091,math,-0.08850181411430649
604230,10.73458290100098,math,-0.10474030049370883
604260,10.203962326049801,math,-0.02339674958912754
604290,11.071105003356928,math,-0.03287779852517686
604350,10.932029724121088,math,-0.3801917246970609
604380,10.95612049102783,math,-0.016003696836174173
604440,10.928466796875,math,0.021698551806971292
604500,10.796945571899409,math,
604530,11.76071834564209,math,0.0032606447437577386
604560,10.69511032104492,math,
604620,11.404809951782232,math,-0.0287961506511344
604650,11.33811664581299,math,0.09727554029380997
604740,11.20608901977539,math,0.16726819246615054
604800,11.52030658721924,math,0.01551346434048006
604830,11.441366195678713,math,0.043581648450709054
604860,11.16143798828125,math,
604890,10.780542373657232,math,
604950,10.807077407836909,math,
604980,10.75197315216064,math,
605010,10.70078086853027,math,
605040,10.904138565063482,math,-0.15566542348760196
605190,11.05980396270752,math,
605220,10.66944885253906,math,
605240,11.09250545501709,math,-0.017560039848659198
605250,11.229726791381841,math,
605280,11.180665016174322,math,
605400,10.69435787200928,math,
605490,10.70049667358398,math,
605520,11.19589424133301,math,
605580,10.89144229888916,math,-0.04280914801802162
605610,11.244852066040039,math,-0.11113406301205292
605640,11.38447666168213,math,
605700,10.61575889587402,math,
605730,11.05959033966064,math,
605790,10.59117698669434,math,-0.055344754193078514
605880,11.35425662994385,math,0.05188728596863547
605910,11.452816009521479,math,-0.04048457851492242
606000,10.716737747192381,math,
606030,10.94722270965576,math,0.2337481053512508
606060,11.51896286010742,math,0.014968387355854394
606090,11.06002807617188,math,0.15084350788854567
606100,11.215500831603999,math,
606270,11.49044895172119,math,0.0071429122540816814
606330,11.20751953125,math,0.1845850294663677
606360,10.98889827728271,math,-0.06901011001641065
606390,11.049389839172358,math,-0.06939783344141437
606420,10.68747711181641,math,
606450,11.106101989746088,math,0.0072674745430312765
606480,11.61931324005127,math,0.14546691959395922
606510,10.635091781616213,math,
606540,10.57672214508057,math,
606570,10.844579696655268,math,-0.08034196196296046
606580,10.355353355407713,math,-0.5814828555561955
606690,11.02365970611572,math,
606720,10.46442985534668,math,-0.3095175752442767
606750,11.50054931640625,math,-0.2412211578855027
606780,11.588208198547358,math,-0.1508853032661025
606810,10.931192398071287,math,-0.056244703086076014
606870,10.864718437194819,math,-0.035262135048290635
606900,10.529008865356447,math,-0.0457354272093903
606960,10.42550754547119,math,
606990,10.31087112426758,math,-0.13452084169153644
607020,11.211328506469732,math,-0.15145985453261215
607140,11.5600757598877,math,0.049318448129489455
607170,11.00523281097412,math,-0.08351901103655214
607200,11.42918300628662,math,-0.0351553657968011
607260,10.85855770111084,math,
607350,11.173216819763178,math,
607410,10.85925579071045,math,
607440,11.52195072174072,math,0.04339471552014231
607470,11.435107231140142,math,0.012336984350950098
607500,11.4057035446167,math,0.12691278504171544
607530,11.332958221435552,math,0.07724062036719748
607560,11.150611877441412,math,-0.19903775409999847
607680,10.48043155670166,math,-0.05542715370185713
607740,11.496713638305659,math,0.1078901097270461
607770,10.51021671295166,math,
607800,11.525289535522461,math,-0.02650831625152236
607840,10.95613765716553,math,0.1245028069351783
607900,11.11501407623291,math,0.021443287305106508
607950,11.01016330718994,math,-0.06819356705691783
607970,10.95059204101563,math,-0.018046665096114856
607980,10.76376438140869,math,-0.03175966622591038
608070,11.10404109954834,math,-0.08091576358257714
608130,10.804821968078608,math,-0.04537929268828116
608190,11.19982051849365,math,0.033481240482134744
608250,10.73739528656006,math,0.09211865008692227
608340,10.96261405944824,math,
608370,10.768506050109858,math,0.08274981495297383
608460,11.32937526702881,math,-0.06989955472622936
608520,10.70603561401367,math,-0.06481246579660012
608580,10.794724464416499,math,-0.3558119239587337
608610,11.161722183227539,math,-0.01342639310015262
608640,11.09736156463623,math,
608700,11.22645854949951,math,0.1620783322548717
608760,11.31033420562744,math,0.05622650359973223
608850,10.8417329788208,math,
608880,11.049388885498052,math,
608970,11.02069759368896,math,-0.3707941087135658
609030,11.18609046936035,math,-0.006891740780125083
609070,10.40225028991699,math,-0.05950492145068994
609120,10.60669994354248,math,-0.1499666815361435
609270,11.82279872894287,math,
609300,10.83155155181885,math,
609330,11.1414213180542,math,0.05258237426252617
609390,10.847535133361822,math,-0.08968708735105242
609450,10.96478748321533,math,0.07683170754399643
609480,10.51679039001465,math,0.11172733456128647
609510,10.73617076873779,math,
609570,10.7446813583374,math,-0.24015322348232224
609620,10.76178646087646,math,-0.12907705546362286
609640,11.48041343688965,math,0.06777909128605983
609665,10.10274982452393,math,
609690,10.48290157318115,math,-0.10174438603230702
609780,10.56534671783447,math,-0.15671577226383385
609850,11.296873092651367,math,-0.037314679011285004
609870,11.43126583099365,math,-0.014988227139491531
609940,11.03556346893311,math,0.02341570192998648
609990,10.77201843261719,math,-0.103468525835884
610050,11.090588569641108,math,0.0023882798151765327
610230,10.893445014953608,math,
610260,11.315530776977539,math,-0.10294287499770956
610290,11.87545108795166,math,0.20383003960939675
610350,10.45875263214111,math,-0.1424358701305942
610380,10.716076850891108,math,0.051966757296752014
610440,11.357935905456538,math,0.026622168756610824
610620,10.97438335418701,math,-0.0345588050572377
610680,10.34388065338135,math,
610710,11.44627857208252,math,
610740,11.78586483001709,math,0.158146624664225
610770,10.63516139984131,math,0.05366346580803925
610890,10.56217861175537,math,-0.06292026054158514
610980,10.900699615478521,math,
611040,11.22630500793457,math,0.10203745886208487
611100,10.73564338684082,math,
611110,10.847033500671392,math,-0.04156603444157888
611130,10.493528366088867,math,
611220,11.46977710723877,math,0.13235588406908674
611280,11.1735782623291,math,-0.13505785984025104
611430,10.56929779052734,math,
611460,11.076852798461909,math,-0.06042515254364598
611490,11.316378593444819,math,0.03840184960936428
611520,11.10385990142822,math,-0.12920389923844575
611550,10.25580215454102,math,-0.1687555844881851
611610,11.237058639526367,math,
611670,10.36457920074463,math,
611730,11.05514907836914,math,-0.09517103050623488
611760,10.25946998596191,math,-0.2386130465224036
611850,11.230640411376948,math,-0.035835066539471085
611870,10.81519412994385,math,
611910,10.69304847717285,math,-0.09676606474969504
611940,10.807186126708979,math,-0.20045265739804186
612030,10.58292388916016,math,-0.02526813490722753
612090,10.70604515075684,math,-0.0014874888071157
612150,10.66089630126953,math,
612180,11.00555992126465,math,-0.09025447270707514
612210,11.397056579589838,math,0.18453708130234245
612330,11.14853286743164,math,-0.004277362765455017
612360,10.44888496398926,math,
612420,10.63742637634277,math,
612600,11.18251514434814,math,
612630,11.4141321182251,math,-0.1156242248995257
612690,10.87874507904053,math,-0.104002618297591
612750,11.6002254486084,math,0.08456631628337953
612810,10.69765377044678,math,0.0272325440926675
612840,11.04476261138916,math,
612880,10.985865592956538,math,-0.004362892929081737
612930,11.01731014251709,math,-0.016514062680618842
612960,11.46750259399414,math,0.03624632298529167
613080,11.505367279052727,math,0.05414350199255262
613140,11.66652202606201,math,-0.026982625326275062
613170,10.718451499938961,math,0.021207117448245487
613290,10.64805316925049,math,-0.12744624540123978
613360,11.20431518554688,math,-0.10338952710155967
613470,10.65078830718994,math,0.026704434885777503
613500,10.926639556884773,math,0.022476382127065705
613710,10.21561336517334,math,
613740,11.03662872314453,math,
613800,10.9782543182373,math,-0.12628487017402995
613840,10.55922985076904,math,-0.08278441650200702
613860,10.79092788696289,math,
613890,11.253870010375982,math,0.06430121299281924
613920,10.921507835388178,math,-0.08708197522026684
613980,11.16941547393799,math,0.3353742670962667
614010,11.021912574768072,math,0.4468750172894604
614040,10.50995635986328,math,
614070,10.67499256134033,math,-0.019639492923111245
614130,10.7897777557373,math,
614220,11.30447769165039,math,-0.0637993923395595
614250,10.73456382751465,math,-0.044840740230522015
614340,11.14864444732666,math,-0.09137660731067072
614370,11.09285068511963,math,-0.06820386220148797
614400,11.659921646118159,math,0.0173525511650608
614490,10.60213470458984,math,
614520,10.774208068847662,math,0.1388257070554071
614550,10.490236282348633,math,-0.07799679288743548
614700,11.12442874908447,math,0.10867883191895264
614730,11.12547969818115,math,0.047390076720517565
614790,11.101785659790039,math,-0.0789353966476577
614880,11.002537727355962,math,-0.030487777875853092
614910,11.30303382873535,math,
614940,10.70889663696289,math,0.022093945877435302
614950,10.68125247955322,math,-0.08553909976734847
614970,10.621500015258787,math,
615000,10.756041526794428,math,
615090,10.59790420532227,math,0.11333884973580853
615150,11.23080348968506,math,
615180,11.377695083618159,math,-0.10347403085188993
615240,10.990232467651367,math,-0.031186108504575562
615270,11.374792098999018,math,0.018616986661073538
615390,11.128488540649409,math,-0.04709937359685528
615450,11.243062973022461,math,-0.1328486151819874
615480,10.6220235824585,math,
615510,11.180026054382319,math,0.06807764189048743
615600,11.209470748901367,math,
615690,11.31951236724854,math,0.12904644411234573
615780,10.7064733505249,math,-0.09179297278635602
615810,11.082737922668462,math,
615840,11.281728744506841,math,0.1770111796085879
615870,11.09430694580078,math,
616050,10.70053863525391,math,-0.10820277611040187
616080,10.8440113067627,math,-0.2972551651168608
616110,10.709394454956053,math,
616260,10.64378356933594,math,-0.05672601775346193
616300,10.922289848327642,math,-0.02298301132243165
616320,10.88682460784912,math,-0.1317567318428518
616323,10.862607955932619,math,0.00015942469726622222
616325,11.14845943450928,math,-0.09531701146570797
616470,10.82620334625244,math,-0.09968062211673287
616530,10.405388832092287,math,
616560,11.68410015106201,math,
616570,10.92019844055176,math,0.1870084074526981
616620,11.123143196105962,math,
616650,11.18815422058105,math,0.1766362648163083
616680,10.67143630981445,math,-0.09448588126479998
616740,11.182422637939448,math,-0.03625409338914511
616830,10.65896511077881,math,-0.19671263590738328
616920,10.61373043060303,math,-0.08417203006245434
617040,11.70725631713867,math,0.11261662327572038
617160,10.89743423461914,math,-0.002997234723867349
617190,12.284985542297358,math,0.15836343841845815
617220,10.915294647216802,math,-0.13733191510637496
617340,11.21354293823242,math,-0.06997622234394914
617430,10.7208776473999,math,-0.07477770673988034
617490,11.165042877197273,math,0.02193911189546047
617520,11.103514671325678,math,
617580,11.12186050415039,math,
617640,10.40293121337891,math,
617760,11.23542022705078,math,
617850,11.00162887573242,math,-0.04799874398200105
617880,10.9805326461792,math,
618030,11.37097930908203,math,0.0397093843335249
618120,10.78279113769531,math,
618160,10.53709125518799,math,
618210,11.232141494750982,math,0.03653449392519236
618240,10.827115058898931,math,
618270,10.3966178894043,math,
618390,10.76605701446533,math,-0.08778175525411078
618510,10.83145332336426,math,0.0936189785749164
618660,11.075770378112788,math,0.26627003571639185
618690,10.73704433441162,math,-0.02686038672462875
618780,11.2252721786499,math,-0.0216527251688632
618810,11.07786083221436,math,
618840,11.444478988647461,math,-0.01587586529195812
618870,11.278306007385249,math,-0.0668182846949148
618990,11.141919136047358,math,0.0979783476127009
619050,11.1594066619873,math,
619140,10.812243461608892,math,
619170,10.74216365814209,math,
619200,11.155489921569819,math,0.282488099412638
619230,10.751601219177251,math,
619260,11.01090717315674,math,-0.1144436653875344
619320,10.75711727142334,math,0.07858643339914036
619380,11.656041145324712,math,0.30034953208570897
619410,11.08019542694092,math,
619440,10.67666435241699,math,-0.09605773331751216
619490,10.63680744171143,math,-0.18270332196697509
619590,10.47102451324463,math,0.027984265219519508
619620,10.824398040771479,math,0.2052003873284834
619680,10.708250045776367,math,-0.09220427338006493
619700,10.58866119384766,math,-0.08751584707669269
619740,10.65216636657715,math,-0.02686095643297852
619770,11.390966415405268,math,-0.035489638563485124
619800,10.97897338867188,math,-0.1098619109967279
619860,10.87244129180908,math,
619890,10.8064661026001,math,-0.29562797633526544
619920,10.51626968383789,math,
619950,10.50274562835693,math,0.4592545613893511
619980,11.094234466552727,math,
620010,11.022244453430181,math,
620040,11.405628204345698,math,
620070,10.3273811340332,math,-0.2026382347007356
620130,11.965158462524409,math,0.16187523585858282
620190,11.128016471862788,math,-0.02745220754090466
620220,11.4566011428833,math,
620250,11.0459623336792,math,0.01301455066214372
620310,11.871962547302251,math,0.04472875284431816
620370,11.61857795715332,math,0.12711195392466187
620430,11.2828540802002,math,
620460,11.556004524230962,math,-0.0279695482288858
620490,11.15319061279297,math,
620610,10.86453914642334,math,
620640,10.84572124481201,math,-0.0686465806364108
620670,10.64437294006348,math,-0.09961275589451507
620700,11.848864555358892,math,
620730,11.22702693939209,math,0.05199784824103062
620760,10.62559127807617,math,-0.13135729962389792
620790,11.114304542541499,math,0.03928744612515647
620850,10.51797962188721,math,-0.09524296968355424
620880,10.68942451477051,math,-0.09974271380854774
620910,11.63774299621582,math,0.1279379347753871
621000,11.65863609313965,math,0.1075187721571144
621090,10.86970996856689,math,0.2746256550303025
621150,10.59484481811523,math,-0.3073671201135128
621180,11.620235443115227,math,
621210,10.934715270996088,math,-0.12474307329741573
621240,10.70925235748291,math,-0.21393783802225164
621330,10.94701385498047,math,-0.04205088696370361
621360,10.88200378417969,math,-0.1980544432139424
621420,10.605142593383787,math,-0.04947523840007264
621450,10.56940650939941,math,-0.11904838944523885
621480,10.51412868499756,math,
621540,11.291463851928713,math,
621570,10.69369411468506,math,0.04183713049969087
621660,11.30763530731201,math,
621690,10.93391227722168,math,-0.02458080065596556
621810,11.02978801727295,math,-0.05062226012901233
621870,10.364564895629881,math,-0.15267624922931816
621900,10.6000452041626,math,
621930,11.06593799591064,math,0.005924756190882102
621960,10.60533332824707,math,
621990,11.063953399658198,math,-0.04806467255013182
622050,10.85398197174072,math,-0.04001079863723807
622110,11.60669422149658,math,-0.02818884939865114
622170,10.771573066711431,math,-0.019698112268955504
622230,10.98232841491699,math,-0.010815849682978778
622320,10.695713996887212,math,
622350,11.705814361572273,math,0.08139105572611416
622380,11.941526412963867,math,0.02859372932928873
622410,10.899681091308588,math,-0.001360028810494135
622440,10.658867835998539,math,
622500,10.96274185180664,math,-0.07365927974927564
622560,11.37424564361572,math,0.035715762830425886
622590,11.22779655456543,math,0.12957455585740227
622650,12.09857654571533,math,0.21724289169273214
622710,10.86708736419678,math,-0.0762256892347952
622740,10.76480960845947,math,-0.04216580154876963
622830,11.890589714050288,math,0.13199425678034488
622860,10.63101387023926,math,-0.28715113844091444
622890,10.95967578887939,math,-0.12534835348916734
622920,11.391000747680659,math,
622950,10.38605785369873,math,0.011420880296889336
623010,11.28162384033203,math,-0.06061288641873251
623040,10.53682708740234,math,0.4701341387076567
623080,11.15554428100586,math,-0.05757556873970866
623130,10.970046043396001,math,-0.115088523169565
623160,10.71554660797119,math,-0.11776989893746327
623340,10.65713310241699,math,-0.08708822408164983
623430,10.90082263946533,math,-0.017117270271284936
623460,10.811902046203608,math,
623530,10.996461868286133,math,-0.07006782166089717
623550,10.753872871398931,math,
623610,11.053468704223633,math,-0.04476812771118595
623700,10.99125480651855,math,
623730,10.73684501647949,math,
623760,11.008920669555659,math,
623800,10.96275043487549,math,0.0247958153157045
623820,10.43250465393066,math,
623940,10.745962142944341,math,0.27158009329517946
623970,10.949490547180181,math,-0.1624015385581462
624000,11.1401424407959,math,0.07948075535904686
624030,11.389345169067381,math,-0.021102204712550775
624090,10.679262161254881,math,-0.061489088624303724
624150,10.91315460205078,math,
624180,11.35574722290039,math,-0.042076024072088436
624210,10.5599479675293,math,
624230,10.39142227172852,math,-0.0867414639924893
624300,10.77406692504883,math,-0.29802248759095984
624330,10.71750545501709,math,
624360,11.41404342651367,math,-0.05475738230167626
624390,10.51898574829102,math,-0.12047081607730915
624480,10.94382762908936,math,0.17811411247637174
624500,11.645284652709961,math,0.02371472522590742
624540,11.02867031097412,math,0.017616143625586174
624570,12.00683116912842,math,-0.06760908454265914
624600,10.63531112670898,math,-0.09087502624764413
624630,10.83375549316406,math,
624690,10.93153762817383,math,
624720,11.68694591522217,math,-0.07480192689798051
624750,10.87042808532715,math,0.0767112745835247
624780,10.63931274414063,math,
624870,11.79873275756836,math,0.1578708279326006
624900,11.523280143737788,math,0.016375227168204044
624930,10.96881866455078,math,-0.1466738576960992
625110,10.63924598693848,math,
625130,10.67547225952148,math,0.00702834013168242
625190,10.62337398529053,math,-0.20212913502118665
625230,10.57294750213623,math,-0.10627618954603853
625290,10.70221519470215,math,
625320,11.12540817260742,math,0.05718091535761734
625350,10.60077285766602,math,0.06280051346127287
625380,10.72002029418945,math,
625410,10.86669158935547,math,
625470,10.71633148193359,math,-0.11607315209102967
625500,11.65409851074219,math,0.12078701085825615
625530,11.05036163330078,math,-0.11143054240177933
625650,10.66616058349609,math,
625690,11.462146759033198,math,0.0635620732024483
625740,11.793569564819341,math,0.02245567189383999
625770,11.47891139984131,math,0.03832150582817926
625800,10.94253635406494,math,-0.11470462929669667
625830,11.608763694763178,math,-0.07996498966021942
625860,10.51773643493652,math,-0.019638582769952256
625980,11.01280689239502,math,
626040,10.71481323242188,math,
626070,11.344810485839838,math,
626100,11.00420379638672,math,-0.005718934672927678
626130,11.18801975250244,math,
626190,10.68477535247803,math,0.009414980241341405
626220,11.205430030822749,math,-0.1165217875994832
626280,11.645337104797358,math,0.1541441618230518
626340,10.7726469039917,math,
626370,11.33949375152588,math,0.0164044938626699
626400,11.45173740386963,math,-0.0112722435614933
626430,11.03654289245605,math,
626460,11.291391372680659,math,
626490,10.858736991882319,math,0.05498245119989356
626640,11.25199413299561,math,-0.02089471126504926
626670,10.62171459197998,math,-0.026903705909460958
626760,10.29199600219727,math,0.05799676756686945
626820,10.89824390411377,math,
626910,11.46615505218506,math,-0.0446905786890745
626970,10.597898483276367,math,
627030,10.8029203414917,math,-0.16235011955471965
627040,10.54642486572266,math,
627060,11.48861312866211,math,0.003404062975894423
627120,11.099802017211909,math,0.05484436266816376
627180,11.34290409088135,math,-0.024202179160510342
627200,10.919124603271479,math,-0.005070982239129528
627240,11.38219738006592,math,0.023288212038276416
627300,11.36567211151123,math,
627450,11.508749008178713,math,0.0439623167398509
627480,11.38420295715332,math,-0.11301924296875253
627510,11.291540145874018,math,0.00674518755793
627590,11.08601760864258,math,-0.09447565975580713
627690,11.094836235046392,math,-0.05828319604867745
627720,11.41255187988281,math,0.038088669276847134
627750,11.04993534088135,math,0.0105512427901206
627780,10.94161128997803,math,-0.09949766173456004
627810,11.490291595458979,math,-0.02191919013111698
627840,11.24956607818604,math,-0.0449879830477556
627850,11.655191421508787,math,0.30483532867776164
627870,10.73155498504639,math,
627900,10.48760414123535,math,0.21197268237763614
627930,11.09743022918701,math,-0.08538149338158771
628050,11.038951873779302,math,-0.040707977806202944
628080,11.34000301361084,math,-0.09378109949191596
628140,11.26025676727295,math,0.00010094196107375276
628170,10.901524543762212,math,0.16518411240098468
628250,10.93373394012451,math,-0.017597432878037438
628270,11.11480045318604,math,-0.06365689281625497
628320,11.37454414367676,math,0.05716598685440377
628470,10.82835865020752,math,-0.062259279471418474
628530,10.690958023071287,math,-0.3169826238567291
628650,11.34449577331543,math,0.029640687749261225
628680,11.60761070251465,math,0.08773911289280747
628710,11.25060272216797,math,-0.0025385301680702853
628830,10.39952850341797,math,
628860,12.11853694915771,math,0.09249184324201727
628950,10.32896327972412,math,0.025692685824652485
629100,10.567770004272461,math,0.049756306322611854
629160,11.0423059463501,math,
629190,10.56772136688232,math,
629220,11.02501106262207,math,-0.10387512859999427
629280,11.01890182495117,math,0.01459796703275891
629340,10.94677066802979,math,
629370,11.26383304595947,math,0.07737707561192372
629400,10.64610290527344,math,-0.09463828019167056
629430,10.64743137359619,math,0.12459381810167595
629490,11.01515197753906,math,-0.05072794426341599
629540,10.48556327819824,math,-0.07752608307035648
629550,10.64986515045166,math,-0.12571478933103958
629580,10.77500057220459,math,-0.08771373243843097
629610,11.830212593078608,math,0.14345905390394942
629640,10.5523681640625,math,0.05215175280424986
629670,10.457460403442381,math,-0.08544821655182441
629700,11.782663345336909,math,0.18774695090218452
629770,10.7249059677124,math,
629790,11.052284240722662,math,
629820,10.691887855529787,math,-0.04885229139095528
629850,10.807604789733892,math,-0.03367370699660858
629910,10.32394409179688,math,-0.12000790785149565
629940,11.225320816040039,math,-0.012020911178270042
630030,10.985940933227539,math,-0.0376410095405883
630090,10.57706260681152,math,
630180,10.69553279876709,math,-0.05829530910088401
630230,11.188451766967768,math,0.04102330109463409
630330,12.145792007446287,math,0.07227381954468297
630360,10.92064380645752,math,-0.12665769363702192
630390,11.32836151123047,math,
630450,11.3443660736084,math,0.2086565538465384
630480,10.79421806335449,math,-0.0367468110994325
630510,11.345254898071287,math,-0.006152874965622776
630600,10.972143173217768,math,-0.0409606746419948
630630,10.19949531555176,math,-0.09341680428266552
630660,11.3892822265625,math,0.04807506136350111
630720,11.26859855651855,math,-0.027066447147396498
630780,10.94486904144287,math,0.018320950346188882
630810,10.65764999389648,math,
630840,10.52738952636719,math,-0.0462211826546891
630870,10.915966033935552,math,
630900,11.06884098052979,math,
630930,11.0463285446167,math,0.10371398223162398
630990,11.369260787963867,math,0.0467865331519244
631020,11.05940246582031,math,
631050,10.3121395111084,math,-0.10133130039883917
631170,10.788354873657232,math,0.025337309465513103
631180,11.41273975372314,math,0.0764950484284497
631290,10.926368713378912,math,0.22369749924778234
631320,10.911935806274409,math,-0.058379964003606115
631350,10.38708877563477,math,
631380,10.93660163879395,math,
631400,10.94062614440918,math,
631470,11.996277809143072,math,0.062439917482441584
631530,11.54542827606201,math,0.1005556449476024
631620,10.798824310302727,math,
631680,10.41645050048828,math,
631710,11.30910873413086,math,0.10111133021788406
631740,11.499926567077642,math,0.4041125892669181
631830,10.29677867889404,math,
631860,10.967273712158198,math,0.10537266282340077
631920,10.84828186035156,math,
631980,10.52536487579346,math,0.03680779167369018
632040,10.69771575927734,math,-0.0049447192490498365
632070,11.10781002044678,math,-0.07431575087319531
632130,11.46835231781006,math,-0.0455609116129497
632160,11.87339401245117,math,0.09660559148080533
632250,11.02677536010742,math,
632270,10.534586906433107,math,-0.01959258302444846
632310,11.48742008209229,math,0.06301310432629194
632340,10.89026165008545,math,
632370,10.85610771179199,math,-0.12161681693179208
632400,10.763062477111822,math,
632430,10.00669479370117,math,-0.031261649464761364
632550,11.116196632385249,math,-0.08728317737448263
632610,10.86399745941162,math,-0.1011942255788908
632640,11.210470199584961,math,0.08047018753925758
632710,11.414674758911133,math,-0.019959798870845112
632730,10.44730281829834,math,-0.0555231552451998
632760,11.149654388427727,math,-0.06131853820372073
632880,11.23608684539795,math,0.0425845999797817
633110,10.941515922546392,math,0.04201787992435239
633150,11.070116996765142,math,-0.012775901329908624
633210,10.799365997314448,math,
633240,10.81605529785156,math,-0.12343243376141633
633270,10.51522541046143,math,0.16061765965877373
633390,10.99088573455811,math,-0.032197415831202315
633480,11.39918804168701,math,0.020203583846184345
633510,10.8344669342041,math,0.143239806147561
633570,10.902528762817381,math,-0.049541538806559336
633600,11.21811103820801,math,-0.041920730758413065
633660,12.258456230163569,math,0.37623814714068615
633690,11.00418758392334,math,
633720,10.46949100494385,math,-0.8171846824670843
633750,11.08856773376465,math,-0.0251373415170624
633840,10.850364685058588,math,-0.07802593695906519
633860,11.365918159484858,math,0.02901106370036786
633900,11.098511695861822,math,-0.07674388611629003
633930,10.86946964263916,math,-0.04565057173327612
634050,10.75927448272705,math,
634080,10.772873878478999,math,
634170,10.59104633331299,math,-0.0858364178055562
634230,11.4408597946167,math,-0.0649468533847429
634290,11.94400405883789,math,-0.02563126737449445
634320,11.0738000869751,math,0.0029465281216164985
634410,11.462697982788091,math,-0.07943937359156936
634425,10.977879524230962,math,-0.09429268799942016
634440,10.66418075561523,math,-0.07152441364645054
634590,11.45671272277832,math,0.022366827944203062
634620,10.93325710296631,math,-0.03531188149615282
634680,11.07417297363281,math,-0.07560700359812045
634710,11.100622177124018,math,-0.019697815299711468
634740,11.30795478820801,math,
634770,10.791576385498052,math,
634800,10.94037628173828,math,-0.0041331662897399184
634860,11.80625915527344,math,0.12235235912309765
634880,11.20806217193604,math,-0.012071307625990142
634920,11.64130306243896,math,-0.005382802494258326
635010,10.991394996643072,math,-0.2315758030693011
635040,11.6079044342041,math,0.06822378415345494
635070,10.12707042694092,math,-0.1854137604631358
635090,11.29161739349365,math,0.06908274593969073
635130,11.88188076019287,math,0.05572789367381821
635220,10.8338623046875,math,-0.0721919118540825
635250,11.014756202697749,math,-0.1156890094088614
635310,10.944607734680181,math,-0.05070201898498514
635430,11.609155654907232,math,0.03507353322982496
635490,11.178799629211431,math,
635590,11.068631172180181,math,-0.1151565199977943
635700,11.400479316711431,math,0.005062233887357798
635790,11.007166862487788,math,-0.08771346622753509
635810,10.966153144836431,math,
635880,11.24282932281494,math,0.08702202895162821
635910,12.0103931427002,math,0.21092352962264355
635940,10.790724754333501,math,
635970,11.53569221496582,math,0.03862946824827351
636000,11.3632984161377,math,
636030,11.07845973968506,math,-0.01956910995952187
636100,10.50708103179932,math,-0.1196842066933032
636180,11.159399032592768,math,-0.007962001290100898
636210,10.54062747955322,math,-0.02865983378683235
636240,10.743541717529302,math,
636270,10.55338191986084,math,-0.07732000735245333
636330,10.4940071105957,math,
636360,10.95475387573242,math,
636420,10.82743740081787,math,
636450,10.861572265625,math,
636570,10.869593620300288,math,
636660,10.846909523010249,math,
636670,11.208995819091802,math,0.0437796806765319
636780,10.729329109191893,math,
636800,10.96838665008545,math,-0.023304893010325223
636805,11.1001615524292,math,-0.12104680180425065
636810,10.91809844970703,math,
636820,10.78579521179199,math,-0.0538621921454576
636840,11.36925506591797,math,0.019626771268141982
636960,10.79602527618408,math,
636970,10.89075183868408,math,-0.08070018377401864
636990,11.6788158416748,math,0.1012980457790328
637050,10.878440856933588,math,-0.12381665384536605
637110,11.137866020202642,math,0.14512794261863965
637140,11.42294216156006,math,
637200,11.174379348754881,math,-0.012754227201474788
637230,10.68099498748779,math,-0.04732608836013188
637290,11.222060203552251,math,0.05083611376208507
637320,11.1331090927124,math,0.12803414376654698
637350,10.94503879547119,math,0.0935921162745302
637380,10.76536273956299,math,0.04349163365798698
637470,10.39048957824707,math,
637500,11.375057220458979,math,0.17377536793108966
637530,11.404099464416499,math,-0.10956770077947957
637560,10.97421932220459,math,-0.02451038900344268
637590,10.58515644073486,math,-0.31515144041688364
637620,10.844959259033198,math,-0.0362700475330151
637630,10.40182113647461,math,
637650,11.453857421875,math,
637680,10.88686466217041,math,
637710,11.79182434082031,math,-0.053241646336678994
637770,10.87067699432373,math,0.0130339844049109
637830,11.29226875305176,math,0.09544797346620816
637890,10.58898639678955,math,-0.017330179127998342
637950,10.87020683288574,math,-0.1309278188089282
638010,10.52779388427734,math,-0.09068441667604757
638040,10.61598205566406,math,
638070,10.612250328063961,math,
638130,10.52229022979736,math,0.009700309356933856
638220,11.23283100128174,math,-0.0241663612973131
638250,11.029520034790039,math,0.011547015501145615
638340,10.94961643218994,math,-0.006975140127246193
638430,10.4230432510376,math,-0.34294809883201416
638460,11.68134212493896,math,0.041039105294430514
638520,10.6225004196167,math,
638550,10.78019332885742,math,-0.1541781130808717
638670,11.034836769103999,math,-0.0604376810287936
638700,10.64688014984131,math,-0.11195984381822667
638770,11.18696594238281,math,-0.012150591471468923
638880,10.96443843841553,math,-0.05438784144541596
638980,11.01671504974365,math,0.08990706159322373
639000,11.23572635650635,math,0.03239457889706682
639060,10.53962802886963,math,-0.02698889906471672
639180,10.34969329833984,math,-0.0461543611243971
639210,11.06776809692383,math,
639300,10.36467361450195,math,0.07464645634849347
639420,11.317378997802727,math,-0.01327705342764551
639600,10.64522457122803,math,
639630,11.389756202697749,math,-0.07298882943085565
639690,11.18950653076172,math,
639720,10.84342575073242,math,
639750,10.54048824310303,math,
639840,10.61042881011963,math,
639870,10.78854370117188,math,-0.10522955197933126
639940,10.55925178527832,math,-0.3864919821711635
640150,11.26981639862061,math,-0.008206839998826442
640200,10.90684509277344,math,0.4496839829107644
640230,11.39100170135498,math,-0.05827614137351785
640260,11.092954635620119,math,
640300,10.75364685058594,math,-0.09785413462442724
640320,11.71383857727051,math,0.041881609183792017
640380,10.997201919555659,math,0.04231059344635826
640590,11.176501274108892,math,-0.02654066371585892
640650,10.957045555114751,math,-0.03798998330781793
640680,10.82048225402832,math,-0.05685407414011285
640710,11.02756118774414,math,
640740,11.00911808013916,math,-0.10486009082048828
640800,11.153042793273931,math,
640980,11.1361608505249,math,0.00786368307702704
641040,10.68410110473633,math,-0.1211288650916594
641130,10.25436687469482,math,-0.34464612344870565
641160,10.83622074127197,math,-0.057107069422642
641190,11.09000492095947,math,0.005559813638201197
641220,11.360644340515142,math,
641250,11.3107385635376,math,0.044423547569408896
641280,11.42573070526123,math,0.0858183402675868
641400,10.46611595153809,math,-0.09635339559246828
641460,10.67307090759277,math,0.07798834502774757
641580,10.97952365875244,math,-0.06601869212697825
641610,11.643558502197273,math,0.0810315647986326
641790,11.33915042877197,math,-0.01175313908426522
641820,10.55051136016846,math,
641880,10.7632474899292,math,-0.16263082971913
641980,10.58536052703857,math,0.3771379754069968
642000,11.23658561706543,math,-0.052308963627141665
642060,10.61154747009277,math,-0.2066383061651228
642120,11.30177593231201,math,-0.10435212990218136
642140,11.18789291381836,math,-0.011743330028291102
642150,10.9603967666626,math,-0.016178981757379318
642180,10.48174667358398,math,0.0716534941960606
642210,10.49061012268066,math,
642270,11.2562313079834,math,
642300,10.70278453826904,math,
642330,10.97226333618164,math,-0.11277967939879227
642420,10.775045394897461,math,
642450,11.014652252197273,math,-0.03723821140248115
642540,10.93482780456543,math,-0.026393826469937626
642560,10.59966468811035,math,
642580,10.652177810668947,math,
642600,10.711262702941893,math,
642630,11.30738925933838,math,
642710,10.68513584136963,math,-0.0550730483903995
642750,11.324911117553713,math,
642810,10.49714088439941,math,-0.04404719140420086
642900,10.72126865386963,math,
642930,11.216064453125,math,-0.0192208629117164
642960,10.5961446762085,math,-0.03155196630932895
643080,10.98653984069824,math,-0.0994453670243322
643140,12.14197826385498,math,0.32116485050226706
643170,10.30096912384033,math,0.09473494001292077
643200,11.11839294433594,math,-0.1138453370610058
643380,10.572469711303713,math,0.00906890296934675
643470,10.824331283569341,math,0.047520116620492166
643560,10.96833324432373,math,-0.0029592131813298804
684500,11.43335628509521,math,0.09159045896323097
691003,,math,
691009,,math,
691012,,math,
691023,,math,
691028,,math,
691030,,math,
691031,,math,
691033,,math,
691035,,math,
691102,,math,
691134,10.47535991668701,math,-0.2391313843294752
691135,10.99540424346924,math,-0.09589237590026252
691136,11.22889518737793,math,-0.04029631088506988
691137,10.928622245788569,math,
600001,11.39204788208008,reading,-0.7853214610430914
600006,11.6072359085083,reading,-0.2425723062164167
600011,10.704569816589359,reading,-0.1914004518296167
600012,10.58978652954102,reading,
600013,11.399662017822273,reading,-0.3126381868074185
600014,10.826107025146479,reading,-0.2475899836935772
600015,10.31087493896484,reading,-0.16472097879293418
600016,11.06938362121582,reading,-0.23679132865553365
600017,10.78744506835938,reading,-0.2687597392383269
600018,10.25201797485352,reading,
600019,11.74435329437256,reading,-0.2625568861223607
600020,11.808919906616213,reading,-0.3062223413373614
600021,11.50899219512939,reading,
600022,10.24083518981934,reading,-0.276289239553095
600025,11.814537048339838,reading,-0.1503060499017946
600026,10.66465950012207,reading,-0.4922246471789418
600027,11.061327934265142,reading,-0.3013004866269695
600028,11.37741756439209,reading,-0.3151450643446139
600029,11.30858516693115,reading,-0.2923382523693634
600031,10.37092208862305,reading,
600032,11.52828598022461,reading,-0.2994305651951901
600033,10.54428291320801,reading,-0.4068845489136213
600034,11.37455272674561,reading,-0.297432385461654
600035,10.48046398162842,reading,-0.3585267260132864
600036,11.14308834075928,reading,-0.3596105852937387
600037,10.7682523727417,reading,-0.3398510428572769
600039,10.822449684143072,reading,-0.4160745935458198
600040,10.75186824798584,reading,-0.21461570635096744
600042,10.57500648498535,reading,
600043,11.503466606140142,reading,-0.14398305845365406
600044,11.302478790283198,reading,-0.2652275879321425
600045,10.65819263458252,reading,-0.3509006495037117
600046,10.87400436401367,reading,-0.3928049650420261
600047,11.245462417602539,reading,-0.3232023420468476
600048,10.982802391052251,reading,-0.34632285986991296
600049,11.030333518981928,reading,-0.4394060418899704
600051,10.74984073638916,reading,-0.25981435782383944
600052,10.59512329101563,reading,-0.2374771841091813
600060,11.1112060546875,reading,-0.462163797525904
600061,10.780407905578608,reading,-0.3850129720964078
600062,10.97074890136719,reading,-0.2222655017427171
600063,10.86381149291992,reading,-0.2019980673939916
600064,10.41744613647461,reading,-0.2868252783297445
600065,10.572991371154787,reading,-0.2503953593895721
600067,10.65362548828125,reading,-0.2571994194324803
600068,11.179920196533198,reading,-0.31135471599770764
600069,11.18924808502197,reading,-0.3400528195093605
600153,10.85792636871338,reading,-0.3195538943152713
600158,10.80752468109131,reading,-0.3423523941362233
600159,10.71937465667725,reading,-0.08325148511327192
600160,10.975931167602539,reading,-0.35350304832790075
601331,10.588629722595213,reading,-0.5701111984612623
601332,10.656843185424801,reading,-0.34746359513456404
601339,,reading,-0.3577073617464782
601409,,reading,-0.1850654122035397
601410,,reading,-0.29346387235240656
601414,11.14364528656006,reading,-0.3112552701416057
601415,,reading,-0.3740873771939324
601418,,reading,-0.32796597403860506
601420,,reading,-0.3787752032559183
601421,,reading,-0.3671579435845238
601423,,reading,-0.31013653405047376
601426,,reading,-0.2076511729016714
601427,,reading,-0.3990236369689938
601428,,reading,-0.3108607267231649
601442,,reading,-0.225436053276078
601620,11.15050506591797,reading,-0.31703381491541194
601680,10.976290702819819,reading,-0.3866691984053993
601710,10.71150207519531,reading,-0.3588717437777408
601770,11.397366523742681,reading,-0.3089045165717833
601860,11.29012966156006,reading,-0.42610028551518825
601890,11.324156761169428,reading,
601950,10.88011074066162,reading,-0.2601448794259278
601980,10.31390953063965,reading,
602010,10.326334953308107,reading,
602070,10.968690872192381,reading,
602100,11.3067626953125,reading,-0.22135367173387885
602160,11.36062431335449,reading,-0.2514301083725721
602220,10.34849262237549,reading,-0.5243912704715201
602250,10.923826217651367,reading,
602310,11.121335983276367,reading,-0.3307759137111532
602360,10.70630741119385,reading,-0.27735726795415805
602370,10.74021911621094,reading,
602430,10.997007369995119,reading,-0.3786158776030004
602450,10.9269437789917,reading,-0.4182847279258697
602610,10.96921634674072,reading,-0.2563657200264867
602730,10.64942264556885,reading,-0.6063271564349513
602760,10.51495933532715,reading,-0.1978207085755357
602850,11.07356739044189,reading,-0.3838991130629447
602970,11.355020523071287,reading,-0.28960870374718284
603000,10.29889392852783,reading,-0.19452373962288605
603060,11.209935188293462,reading,-0.3089346989418158
603090,10.82584953308105,reading,
603180,10.65876483917236,reading,-0.1908721432893416
603270,10.464963912963867,reading,-0.3952586043282389
603300,11.15180206298828,reading,-0.2851341265508165
603420,10.76620674133301,reading,-0.31006106193677896
603480,10.96713924407959,reading,-0.2794280378685364
603600,10.99164295196533,reading,-0.3208772423870388
603610,10.72440242767334,reading,
603630,10.50872707366943,reading,-0.3150394776370368
603690,10.94316959381104,reading,-0.3274888016894144
603720,11.50443172454834,reading,
603750,10.956613540649409,reading,-0.22123079412299515
603780,10.61612606048584,reading,
603840,10.54803943634033,reading,-0.4411367088724605
603870,10.93431091308594,reading,-0.3332897884721381
604020,10.56750583648682,reading,-0.3344934843129197
604080,10.85445022583008,reading,-0.0835632951891189
604110,10.97986698150635,reading,-0.4170831886995177
604200,11.305715560913091,reading,-0.6846341511890008
604230,10.73458290100098,reading,-0.3211617294340979
604260,10.203962326049801,reading,-0.19297834981565112
604290,11.071105003356928,reading,-0.34431700676153304
604350,10.932029724121088,reading,-0.5287880962458491
604380,10.95612049102783,reading,-0.1345580383088395
604440,10.928466796875,reading,-0.28207297230306594
604500,10.796945571899409,reading,
604530,11.76071834564209,reading,-0.4005911923016294
604560,10.69511032104492,reading,
604620,11.404809951782232,reading,-0.2906781402768377
604650,11.33811664581299,reading,-0.1936318929228548
604740,11.20608901977539,reading,-0.2827330565696445
604800,11.52030658721924,reading,-0.31507604281594465
604830,11.441366195678713,reading,-0.2929412282774461
604860,11.16143798828125,reading,
604890,10.780542373657232,reading,
604950,10.807077407836909,reading,
604980,10.75197315216064,reading,
605010,10.70078086853027,reading,
605040,10.904138565063482,reading,-0.29876789303395823
605190,11.05980396270752,reading,
605220,10.66944885253906,reading,
605240,11.09250545501709,reading,-0.35536740345983603
605250,11.229726791381841,reading,
605280,11.180665016174322,reading,
605400,10.69435787200928,reading,
605490,10.70049667358398,reading,
605520,11.19589424133301,reading,
605580,10.89144229888916,reading,-0.2680470576078287
605610,11.244852066040039,reading,-0.4008534721595071
605640,11.38447666168213,reading,
605700,10.61575889587402,reading,
605730,11.05959033966064,reading,
605790,10.59117698669434,reading,-0.23520875952151735
605880,11.35425662994385,reading,-0.2609869063569653
605910,11.452816009521479,reading,-0.34528943668319856
606000,10.716737747192381,reading,
606030,10.94722270965576,reading,0.04217128793833708
606060,11.51896286010742,reading,-0.42784901392871305
606090,11.06002807617188,reading,-0.1499046118749213
606100,11.215500831603999,reading,
606270,11.49044895172119,reading,-0.3405045922715204
606330,11.20751953125,reading,-0.13900238734947112
606360,10.98889827728271,reading,-0.31120999347985984
606390,11.049389839172358,reading,-0.32839935424401145
606420,10.68747711181641,reading,
606450,11.106101989746088,reading,-0.3093035388363775
606480,11.61931324005127,reading,-0.3528048097628571
606510,10.635091781616213,reading,
606540,10.57672214508057,reading,
606570,10.844579696655268,reading,-0.3427704134503056
606580,10.355353355407713,reading,-0.7542384936986397
606690,11.02365970611572,reading,
606720,10.46442985534668,reading,-0.41591768276303903
606750,11.50054931640625,reading,-0.5356716476226799
606780,11.588208198547358,reading,-0.4356295418400745
606810,10.931192398071287,reading,-0.3243793674634011
606870,10.864718437194819,reading,-0.3410325798032107
606900,10.529008865356447,reading,-0.4714881313691939
606960,10.42550754547119,reading,
606990,10.31087112426758,reading,-0.35516227453101845
607020,11.211328506469732,reading,-0.39797708204950943
607140,11.5600757598877,reading,-0.3418950305718097
607170,11.00523281097412,reading,-0.3847448534294269
607200,11.42918300628662,reading,-0.3240072271678073
607260,10.85855770111084,reading,
607350,11.173216819763178,reading,
607410,10.85925579071045,reading,
607440,11.52195072174072,reading,-0.3047691468208828
607470,11.435107231140142,reading,-0.2498859108808273
607500,11.4057035446167,reading,-0.29049001260949064
607530,11.332958221435552,reading,-0.3863062580648056
607560,11.150611877441412,reading,-0.5413945607614488
607680,10.48043155670166,reading,-0.3426308722132964
607740,11.496713638305659,reading,-0.2660640358184372
607770,10.51021671295166,reading,
607800,11.525289535522461,reading,-0.34485696982599257
607840,10.95613765716553,reading,-0.7394618375806395
607900,11.11501407623291,reading,-0.3146111103129704
607950,11.01016330718994,reading,-0.3785242183917779
607970,10.95059204101563,reading,-0.3153915100855502
607980,10.76376438140869,reading,-0.24529378299395824
608070,11.10404109954834,reading,-0.3327350402499075
608130,10.804821968078608,reading,-0.2787411082491749
608190,11.19982051849365,reading,-0.20920228190607007
608250,10.73739528656006,reading,-0.22790582454133326
608340,10.96261405944824,reading,
608370,10.768506050109858,reading,-0.24091707191711656
608460,11.32937526702881,reading,-0.3292651513686474
608520,10.70603561401367,reading,-0.2833229815785953
608580,10.794724464416499,reading,-0.3496268560662029
608610,11.161722183227539,reading,-0.282042521167612
608640,11.09736156463623,reading,
608700,11.22645854949951,reading,-0.18409766433990696
608760,11.31033420562744,reading,-0.17676611710636864
608850,10.8417329788208,reading,
608880,11.049388885498052,reading,
608970,11.02069759368896,reading,-0.5842103867640976
609030,11.18609046936035,reading,-0.2701656638006464
609070,10.40225028991699,reading,-0.3320311088353543
609120,10.60669994354248,reading,-0.4703099499766423
609270,11.82279872894287,reading,
609300,10.83155155181885,reading,
609330,11.1414213180542,reading,-0.16371875275346684
609390,10.847535133361822,reading,-0.3124069142024473
609450,10.96478748321533,reading,-0.2848587916727365
609480,10.51679039001465,reading,-0.1126135221685507
609510,10.73617076873779,reading,
609570,10.7446813583374,reading,-0.3602360950001353
609620,10.76178646087646,reading,-0.35410715053756553
609640,11.48041343688965,reading,-0.25341401212248904
609665,10.10274982452393,reading,
609690,10.48290157318115,reading,-0.4038802737350699
609780,10.56534671783447,reading,-0.3039605080911606
609850,11.296873092651367,reading,-0.2966957842540467
609870,11.43126583099365,reading,-0.3672927204668974
609940,11.03556346893311,reading,-0.3215121927926417
609990,10.77201843261719,reading,-0.3842430188214984
610050,11.090588569641108,reading,-0.23224809091810966
610230,10.893445014953608,reading,
610260,11.315530776977539,reading,-0.4116035566536003
610290,11.87545108795166,reading,-0.2794516516689867
610350,10.45875263214111,reading,-0.3592073333767451
610380,10.716076850891108,reading,-0.288550446031864
610440,11.357935905456538,reading,-0.29439621193299764
610620,10.97438335418701,reading,-0.4388884777896638
610680,10.34388065338135,reading,
610710,11.44627857208252,reading,
610740,11.78586483001709,reading,-0.2168339688145748
610770,10.63516139984131,reading,-0.26914938449088305
610890,10.56217861175537,reading,-0.34277476010541674
610980,10.900699615478521,reading,
611040,11.22630500793457,reading,-0.384943070535452
611100,10.73564338684082,reading,
611110,10.847033500671392,reading,-0.309562218579037
611130,10.493528366088867,reading,
611220,11.46977710723877,reading,-0.2693683638124019
611280,11.1735782623291,reading,-0.4515779445392981
611430,10.56929779052734,reading,
611460,11.076852798461909,reading,-0.3574453885768649
611490,11.316378593444819,reading,-0.2729722793973501
611520,11.10385990142822,reading,-0.4313325486193621
611550,10.25580215454102,reading,0.1473318935946473
611610,11.237058639526367,reading,
611670,10.36457920074463,reading,
611730,11.05514907836914,reading,-0.4145425266494532
611760,10.25946998596191,reading,-0.3945376161645361
611850,11.230640411376948,reading,-0.32637610016175433
611870,10.81519412994385,reading,-0.3701774931606224
611910,10.69304847717285,reading,-0.28832129162946823
611940,10.807186126708979,reading,-0.5443102416459523
612030,10.58292388916016,reading,-0.20253019498624172
612090,10.70604515075684,reading,-0.2737670653015813
612150,10.66089630126953,reading,
612180,11.00555992126465,reading,-0.3503595179201225
612210,11.397056579589838,reading,-0.11852522503447167
612330,11.14853286743164,reading,-0.2988594426749785
612360,10.44888496398926,reading,
612420,10.63742637634277,reading,
612600,11.18251514434814,reading,
612630,11.4141321182251,reading,-0.11886529762099368
612690,10.87874507904053,reading,-0.32489944824422656
612750,11.6002254486084,reading,-0.3362615416681611
612810,10.69765377044678,reading,-0.26765550840930563
612840,11.04476261138916,reading,-0.3773662032069583
612880,10.985865592956538,reading,-0.2969430271055441
612930,11.01731014251709,reading,-0.18170793354479187
612960,11.46750259399414,reading,-0.2567450566999164
613080,11.505367279052727,reading,-0.2710251860718027
613140,11.66652202606201,reading,-0.28699540576140564
613170,10.718451499938961,reading,-0.268561841261345
613290,10.64805316925049,reading,-0.3108282501378162
613360,11.20431518554688,reading,-0.3572458203749915
613470,10.65078830718994,reading,-0.5057765689117176
613500,10.926639556884773,reading,-0.2887896498061085
613710,10.21561336517334,reading,
613740,11.03662872314453,reading,
613800,10.9782543182373,reading,-0.38985168368621614
613840,10.55922985076904,reading,-0.287828506390991
613860,10.79092788696289,reading,
613890,11.253870010375982,reading,-0.2614594070417183
613920,10.921507835388178,reading,-0.2941346281613802
613980,11.16941547393799,reading,-0.29711310664614005
614010,11.021912574768072,reading,0.4994049737154486
614040,10.50995635986328,reading,
614070,10.67499256134033,reading,-0.3246528021352517
614130,10.7897777557373,reading,
614220,11.30447769165039,reading,-0.3513095885937643
614250,10.73456382751465,reading,-0.2474657767227708
614340,11.14864444732666,reading,-0.27756469714771004
614370,11.09285068511963,reading,-0.320620040097993
614400,11.659921646118159,reading,-0.3391071622005114
614490,10.60213470458984,reading,
614520,10.774208068847662,reading,-0.13023902259375775
614550,10.490236282348633,reading,-0.3319450229102848
614700,11.12442874908447,reading,-0.2053469793943513
614730,11.12547969818115,reading,-0.2753824510334873
614790,11.101785659790039,reading,-0.30011694732834115
614880,11.002537727355962,reading,-0.2981658348997128
614910,11.30303382873535,reading,
614940,10.70889663696289,reading,-0.2879585292097214
614950,10.68125247955322,reading,-0.2341212627062214
614970,10.621500015258787,reading,
615000,10.756041526794428,reading,
615090,10.59790420532227,reading,-0.2126246980590604
615150,11.23080348968506,reading,
615180,11.377695083618159,reading,-0.3597273577275507
615240,10.990232467651367,reading,-0.3657569662961972
615270,11.374792098999018,reading,-0.291326629876547
615390,11.128488540649409,reading,-0.26486404771026484
615450,11.243062973022461,reading,-0.5683122851593119
615480,10.6220235824585,reading,
615510,11.180026054382319,reading,-0.22368263867731086
615600,11.209470748901367,reading,
615690,11.31951236724854,reading,-0.4589918229199385
615780,10.7064733505249,reading,-0.2927586676625409
615810,11.082737922668462,reading,
615840,11.281728744506841,reading,-0.2904043218496073
615870,11.09430694580078,reading,
616050,10.70053863525391,reading,-0.3053909183041736
616080,10.8440113067627,reading,-0.35408572929833804
616110,10.709394454956053,reading,
616260,10.64378356933594,reading,-0.2880342162667286
616300,10.922289848327642,reading,-0.3024976534636241
616320,10.88682460784912,reading,-0.1455043987135121
616323,10.862607955932619,reading,-0.39833756350911104
616325,11.14845943450928,reading,-0.32202204916623844
616470,10.82620334625244,reading,-0.33577294783781864
616530,10.405388832092287,reading,
616560,11.68410015106201,reading,
616570,10.92019844055176,reading,-0.3100978690653925
616620,11.123143196105962,reading,
616650,11.18815422058105,reading,-0.1569125299200292
616680,10.67143630981445,reading,-0.32513358462025044
616740,11.182422637939448,reading,-0.3127808256553005
616830,10.65896511077881,reading,-0.4653500708647148
616920,10.61373043060303,reading,-0.3388215523528818
617040,11.70725631713867,reading,-0.2356891122691689
617160,10.89743423461914,reading,-0.3114649864899889
617190,12.284985542297358,reading,-0.3235394522140063
617220,10.915294647216802,reading,-0.3649484268303773
617340,11.21354293823242,reading,-0.3832272120432673
617430,10.7208776473999,reading,-0.4449402269499297
617490,11.165042877197273,reading,-0.3874582383855311
617520,11.103514671325678,reading,
617580,11.12186050415039,reading,
617640,10.40293121337891,reading,
617760,11.23542022705078,reading,
617850,11.00162887573242,reading,-0.26616867792710075
617880,10.9805326461792,reading,
618030,11.37097930908203,reading,-0.259437331362513
618120,10.78279113769531,reading,
618160,10.53709125518799,reading,
618210,11.232141494750982,reading,-0.19630036355883768
618240,10.827115058898931,reading,
618270,10.3966178894043,reading,
618390,10.76605701446533,reading,-0.30220707325187623
618510,10.83145332336426,reading,-0.2062719988003128
618660,11.075770378112788,reading,-0.32650927318499673
618690,10.73704433441162,reading,-0.2605550941130492
618780,11.2252721786499,reading,-0.2241090354234458
618810,11.07786083221436,reading,
618840,11.444478988647461,reading,-0.3223917995302966
618870,11.278306007385249,reading,-0.3315845446074627
618990,11.141919136047358,reading,-0.16696949079888132
619050,11.1594066619873,reading,
619140,10.812243461608892,reading,
619170,10.74216365814209,reading,
619200,11.155489921569819,reading,-0.26778348097294025
619230,10.751601219177251,reading,
619260,11.01090717315674,reading,-0.3301663398988703
619320,10.75711727142334,reading,-0.3325869542622205
619380,11.656041145324712,reading,-0.1818074376127791
619410,11.08019542694092,reading,
619440,10.67666435241699,reading,-0.32253994194330554
619490,10.63680744171143,reading,-0.4357067430932221
619590,10.47102451324463,reading,-0.4069355156638439
619620,10.824398040771479,reading,-0.11791212078237398
619680,10.708250045776367,reading,-0.268205163645962
619700,10.58866119384766,reading,-0.3427718479410173
619740,10.65216636657715,reading,-0.4230850669521853
619770,11.390966415405268,reading,-0.2397835781304057
619800,10.97897338867188,reading,-0.4080010085851397
619860,10.87244129180908,reading,
619890,10.8064661026001,reading,-0.4544513638801697
619920,10.51626968383789,reading,
619950,10.50274562835693,reading,-0.0406426696036943
619980,11.094234466552727,reading,
620010,11.022244453430181,reading,
620040,11.405628204345698,reading,-0.3186988655680041
620070,10.3273811340332,reading,-0.18926787899035502
620130,11.965158462524409,reading,-0.23729269708894024
620190,11.128016471862788,reading,-0.38818923781377257
620220,11.4566011428833,reading,
620250,11.0459623336792,reading,-0.2767802184807789
620310,11.871962547302251,reading,-0.3418045820178839
620370,11.61857795715332,reading,-0.22005194230237946
620430,11.2828540802002,reading,
620460,11.556004524230962,reading,-0.2828444792360557
620490,11.15319061279297,reading,
620610,10.86453914642334,reading,
620640,10.84572124481201,reading,-0.2788783055410722
620670,10.64437294006348,reading,-0.18977028484044367
620700,11.848864555358892,reading,
620730,11.22702693939209,reading,-0.1541518166225197
620760,10.62559127807617,reading,-0.5180673214128376
620790,11.114304542541499,reading,-0.2173977015896563
620850,10.51797962188721,reading,-0.3152006833548223
620880,10.68942451477051,reading,-0.34847741075763305
620910,11.63774299621582,reading,-0.2316048710423093
621000,11.65863609313965,reading,-0.28673738543113936
621090,10.86970996856689,reading,-0.12497206769246814
621150,10.59484481811523,reading,-0.5520874449845801
621180,11.620235443115227,reading,
621210,10.934715270996088,reading,-0.33251581123156554
621240,10.70925235748291,reading,-0.21377419716134055
621330,10.94701385498047,reading,-0.3329445685347094
621360,10.88200378417969,reading,-0.38916265948108975
621420,10.605142593383787,reading,-0.321134721447544
621450,10.56940650939941,reading,-0.3716749711930126
621480,10.51412868499756,reading,
621540,11.291463851928713,reading,
621570,10.69369411468506,reading,-0.10226504763121727
621660,11.30763530731201,reading,
621690,10.93391227722168,reading,-0.3170345392587731
621810,11.02978801727295,reading,-0.2928764556556004
621870,10.364564895629881,reading,-0.3444631022212845
621900,10.6000452041626,reading,
621930,11.06593799591064,reading,-0.3131801283434707
621960,10.60533332824707,reading,
621990,11.063953399658198,reading,-0.3044206000309107
622050,10.85398197174072,reading,-0.2583092190944997
622110,11.60669422149658,reading,-0.356175242772938
622170,10.771573066711431,reading,-0.3136510646387893
622230,10.98232841491699,reading,-0.31063270055845943
622320,10.695713996887212,reading,
622350,11.705814361572273,reading,-0.3916094310883613
622380,11.941526412963867,reading,-0.5428825679514294
622410,10.899681091308588,reading,-0.31235133818343896
622440,10.658867835998539,reading,
622500,10.96274185180664,reading,-0.3204643692180976
622560,11.37424564361572,reading,-0.34233948690548416
622590,11.22779655456543,reading,-0.2799408599374533
622650,12.09857654571533,reading,-0.3372782300320607
622710,10.86708736419678,reading,-0.3430044661133239
622740,10.76480960845947,reading,-0.3076124284517915
622830,11.890589714050288,reading,-0.2868645552060015
622860,10.63101387023926,reading,-0.5072273215663401
622890,10.95967578887939,reading,-0.3911369015129179
622920,11.391000747680659,reading,
622950,10.38605785369873,reading,-0.3039666738987869
623010,11.28162384033203,reading,-0.3055966520400458
623040,10.53682708740234,reading,-0.1586146870160326
623080,11.15554428100586,reading,-0.3492934070792292
623130,10.970046043396001,reading,-0.3858181200491404
623160,10.71554660797119,reading,-0.386085651240039
623340,10.65713310241699,reading,-0.3491276078063173
623430,10.90082263946533,reading,-0.3190677850345355
623460,10.811902046203608,reading,
623530,10.996461868286133,reading,-0.442237478859555
623550,10.753872871398931,reading,
623610,11.053468704223633,reading,-0.2832941679892681
623700,10.99125480651855,reading,
623730,10.73684501647949,reading,
623760,11.008920669555659,reading,
623800,10.96275043487549,reading,-0.1368439627171869
623820,10.43250465393066,reading,
623940,10.745962142944341,reading,-0.09850166123122894
623970,10.949490547180181,reading,-0.3608626668790551
624000,11.1401424407959,reading,-0.2966476839962635
624030,11.389345169067381,reading,-0.3605810390623853
624090,10.679262161254881,reading,-0.3697587515026396
624150,10.91315460205078,reading,
624180,11.35574722290039,reading,-0.21403797866027746
624210,10.5599479675293,reading,
624230,10.39142227172852,reading,-0.4030622641384367
624300,10.77406692504883,reading,-0.5577495249780656
624330,10.71750545501709,reading,
624360,11.41404342651367,reading,-0.27179333736735184
624390,10.51898574829102,reading,-0.39729739341443815
624480,10.94382762908936,reading,-0.08540853552835029
624500,11.645284652709961,reading,-0.32672542397145576
624540,11.02867031097412,reading,-0.2854850130319501
624570,12.00683116912842,reading,-0.5010387870697877
624600,10.63531112670898,reading,-0.3249984289268086
624630,10.83375549316406,reading,
624690,10.93153762817383,reading,
624720,11.68694591522217,reading,-0.17168824791479712
624750,10.87042808532715,reading,-0.34912436182010803
624780,10.63931274414063,reading,
624870,11.79873275756836,reading,-0.2697082282829374
624900,11.523280143737788,reading,-0.2610156685800419
624930,10.96881866455078,reading,-0.6500085623337911
625110,10.63924598693848,reading,
625130,10.67547225952148,reading,-0.2114029641317761
625190,10.62337398529053,reading,-0.4530203818988516
625230,10.57294750213623,reading,-0.34831793098803016
625290,10.70221519470215,reading,
625320,11.12540817260742,reading,-0.2732759427597237
625350,10.60077285766602,reading,-0.21570582753834885
625380,10.72002029418945,reading,
625410,10.86669158935547,reading,
625470,10.71633148193359,reading,-0.3861781606865301
625500,11.65409851074219,reading,-0.06273642681025564
625530,11.05036163330078,reading,-0.4425068747268539
625650,10.66616058349609,reading,
625690,11.462146759033198,reading,-0.3033380519138437
625740,11.793569564819341,reading,-0.2568059322385388
625770,11.47891139984131,reading,-0.30774018601320663
625800,10.94253635406494,reading,-0.37440714752974863
625830,11.608763694763178,reading,-0.3550886559598489
625860,10.51773643493652,reading,-0.34584548104426704
625980,11.01280689239502,reading,
626040,10.71481323242188,reading,
626070,11.344810485839838,reading,
626100,11.00420379638672,reading,-0.2528564306664601
626130,11.18801975250244,reading,
626190,10.68477535247803,reading,-0.2641550954392372
626220,11.205430030822749,reading,-0.3906937857896864
626280,11.645337104797358,reading,-0.2723508700276363
626340,10.7726469039917,reading,
626370,11.33949375152588,reading,-0.28493434856774263
626400,11.45173740386963,reading,-0.1770776551575845
626430,11.03654289245605,reading,
626460,11.291391372680659,reading,
626490,10.858736991882319,reading,-0.2320191408465497
626640,11.25199413299561,reading,-0.3353375814662534
626670,10.62171459197998,reading,-0.2732075077152015
626760,10.29199600219727,reading,-0.2228281440761688
626820,10.89824390411377,reading,-0.4566805255431973
626910,11.46615505218506,reading,-0.3522681650560717
626970,10.597898483276367,reading,
627030,10.8029203414917,reading,-0.3884541153161067
627040,10.54642486572266,reading,
627060,11.48861312866211,reading,-0.3193807302318987
627120,11.099802017211909,reading,-0.3628387592196616
627180,11.34290409088135,reading,-0.3311679429385603
627200,10.919124603271479,reading,-0.3662865262611735
627240,11.38219738006592,reading,-0.2970176713863432
627300,11.36567211151123,reading,
627450,11.508749008178713,reading,-0.23113612450351245
627480,11.38420295715332,reading,-0.2865136189674782
627510,11.291540145874018,reading,-0.3203135010212795
627590,11.08601760864258,reading,-0.3972197465437354
627690,11.094836235046392,reading,-0.3440144296955604
627720,11.41255187988281,reading,-0.26848106339477057
627750,11.04993534088135,reading,-0.4374747174008149
627780,10.94161128997803,reading,-0.3092345744770638
627810,11.490291595458979,reading,-0.33599001019526475
627840,11.24956607818604,reading,-0.31110438118843164
627850,11.655191421508787,reading,-0.18226249397559574
627870,10.73155498504639,reading,
627900,10.48760414123535,reading,-0.1010701666436891
627930,11.09743022918701,reading,-0.2421001565862726
628050,11.038951873779302,reading,-0.3264563428725141
628080,11.34000301361084,reading,-0.4337377760367653
628140,11.26025676727295,reading,-0.2830346393975213
628170,10.901524543762212,reading,-0.1964959661843343
628250,10.93373394012451,reading,-0.3005285361335067
628270,11.11480045318604,reading,-0.3941230208936141
628320,11.37454414367676,reading,-0.2649759271276311
628470,10.82835865020752,reading,-0.31772592730790705
628530,10.690958023071287,reading,-0.5443850523873162
628650,11.34449577331543,reading,-0.2713568394570674
628680,11.60761070251465,reading,-0.2423998881383858
628710,11.25060272216797,reading,-0.3596027647231736
628830,10.39952850341797,reading,
628860,12.11853694915771,reading,-0.31031427619777724
628950,10.32896327972412,reading,-0.10237109022557866
629100,10.567770004272461,reading,-0.14943783467681745
629160,11.0423059463501,reading,
629190,10.56772136688232,reading,
629220,11.02501106262207,reading,-0.3620617413163421
629280,11.01890182495117,reading,-0.1746138302602806
629340,10.94677066802979,reading,
629370,11.26383304595947,reading,-0.191618947921112
629400,10.64610290527344,reading,-0.13008186455525295
629430,10.64743137359619,reading,-0.16514614041953904
629490,11.01515197753906,reading,-0.3568912224724227
629540,10.48556327819824,reading,-0.2499898551791368
629550,10.64986515045166,reading,-0.3746684697827791
629580,10.77500057220459,reading,-0.3405527766074065
629610,11.830212593078608,reading,-0.2862014984026986
629640,10.5523681640625,reading,-0.2176299067595374
629670,10.457460403442381,reading,-0.2985460608894127
629700,11.782663345336909,reading,-0.22278537889780106
629770,10.7249059677124,reading,
629790,11.052284240722662,reading,
629820,10.691887855529787,reading,-0.3204839844905271
629850,10.807604789733892,reading,-0.2961865625768271
629910,10.32394409179688,reading,-0.2887486382530232
629940,11.225320816040039,reading,-0.3053501259037217
630030,10.985940933227539,reading,-0.2691882006517923
630090,10.57706260681152,reading,
630180,10.69553279876709,reading,-0.3444911652185497
630230,11.188451766967768,reading,-0.3325843964065084
630330,12.145792007446287,reading,-0.24055770321858
630360,10.92064380645752,reading,-0.4455225371272412
630390,11.32836151123047,reading,
630450,11.3443660736084,reading,-0.11221858608788224
630480,10.79421806335449,reading,-0.596332666664599
630510,11.345254898071287,reading,-0.3327583125917881
630600,10.972143173217768,reading,-0.29994555589932725
630630,10.19949531555176,reading,-0.24261581705352456
630660,11.3892822265625,reading,-0.24867832793918546
630720,11.26859855651855,reading,-0.26340246756844754
630780,10.94486904144287,reading,-0.2876806221500511
630810,10.65764999389648,reading,
630840,10.52738952636719,reading,-0.2665838351089382
630870,10.915966033935552,reading,
630900,11.06884098052979,reading,
630930,11.0463285446167,reading,-0.12914277801001658
630990,11.369260787963867,reading,-0.2789275914084318
631020,11.05940246582031,reading,
631050,10.3121395111084,reading,-0.3904547967208239
631170,10.788354873657232,reading,-0.17819953721007106
631180,11.41273975372314,reading,-0.2284630497584706
631290,10.926368713378912,reading,-0.16940985887606722
631320,10.911935806274409,reading,-0.2936899603476126
631350,10.38708877563477,reading,
631380,10.93660163879395,reading,
631400,10.94062614440918,reading,
631470,11.996277809143072,reading,-0.2854502641188015
631530,11.54542827606201,reading,-0.2783553667025467
631620,10.798824310302727,reading,
631680,10.41645050048828,reading,
631710,11.30910873413086,reading,-0.18367390019106208
631740,11.499926567077642,reading,-0.05413141300342129
631830,10.29677867889404,reading,
631860,10.967273712158198,reading,-0.2444703421778524
631920,10.84828186035156,reading,
631980,10.52536487579346,reading,-0.3118648325230657
632040,10.69771575927734,reading,-0.2719983601713613
632070,11.10781002044678,reading,-0.34767632675067184
632130,11.46835231781006,reading,-0.3011616934758478
632160,11.87339401245117,reading,-0.3185782075722595
632250,11.02677536010742,reading,
632270,10.534586906433107,reading,-0.16096204450271764
632310,11.48742008209229,reading,-0.25776719281766397
632340,10.89026165008545,reading,
632370,10.85610771179199,reading,-0.3442005151849609
632400,10.763062477111822,reading,
632430,10.00669479370117,reading,-0.143987345861501
632550,11.116196632385249,reading,-0.3391172517487234
632610,10.86399745941162,reading,-0.2975184533767125
632640,11.210470199584961,reading,-0.2692964190369214
632710,11.414674758911133,reading,-0.33329345070576083
632730,10.44730281829834,reading,-0.3546616903619794
632760,11.149654388427727,reading,-0.3482122252845155
632880,11.23608684539795,reading,-0.40222370627672177
633110,10.941515922546392,reading,-0.3544814208690004
633150,11.070116996765142,reading,-0.28732620961254696
633210,10.799365997314448,reading,
633240,10.81605529785156,reading,-0.3075148693069136
633270,10.51522541046143,reading,-0.19474281267148488
633390,10.99088573455811,reading,-0.31101477517634035
633480,11.39918804168701,reading,-0.2309125101781988
633510,10.8344669342041,reading,-0.12549756342967827
633570,10.902528762817381,reading,-0.2882010765946427
633600,11.21811103820801,reading,-0.35839308641669226
633660,12.258456230163569,reading,-0.2760560024061826
633690,11.00418758392334,reading,
633720,10.46949100494385,reading,-0.0257418088350312
633750,11.08856773376465,reading,-0.31296395158466017
633840,10.850364685058588,reading,-0.35458001807986844
633860,11.365918159484858,reading,-0.2928787971497666
633900,11.098511695861822,reading,-0.30442439639777896
633930,10.86946964263916,reading,-0.31566225157166977
634050,10.75927448272705,reading,
634080,10.772873878478999,reading,
634170,10.59104633331299,reading,-0.2833171339002594
634230,11.4408597946167,reading,-0.2901182507782062
634290,11.94400405883789,reading,-0.27970031568787324
634320,11.0738000869751,reading,-0.2940105699707405
634410,11.462697982788091,reading,-0.3697378517404541
634425,10.977879524230962,reading,-0.3737299316520281
634440,10.66418075561523,reading,-0.3145507211516787
634590,11.45671272277832,reading,-0.3013468778730848
634620,10.93325710296631,reading,-0.3215615837310199
634680,11.07417297363281,reading,-0.3677943384370511
634710,11.100622177124018,reading,-0.3045164357575589
634740,11.30795478820801,reading,
634770,10.791576385498052,reading,
634800,10.94037628173828,reading,-0.2680854700593306
634860,11.80625915527344,reading,-0.3466639727255685
634880,11.20806217193604,reading,-0.32047408431482605
634920,11.64130306243896,reading,-0.35634836640366496
635010,10.991394996643072,reading,-0.5144569540840441
635040,11.6079044342041,reading,-0.29907982562897184
635070,10.12707042694092,reading,-0.33508969332697786
635090,11.29161739349365,reading,-0.22369501786566567
635130,11.88188076019287,reading,-0.30622380196185783
635220,10.8338623046875,reading,
635250,11.014756202697749,reading,-0.3801193858153188
635310,10.944607734680181,reading,-0.30619438693330725
635430,11.609155654907232,reading,-0.30320400621135113
635490,11.178799629211431,reading,
635590,11.068631172180181,reading,-0.4695481163072321
635700,11.400479316711431,reading,-0.4761536325275876
635790,11.007166862487788,reading,-0.3641459977175993
635810,10.966153144836431,reading,
635880,11.24282932281494,reading,-0.2577090708082632
635910,12.0103931427002,reading,-0.3048723234096013
635940,10.790724754333501,reading,
635970,11.53569221496582,reading,-0.29123555737052703
636000,11.3632984161377,reading,
636030,11.07845973968506,reading,-0.3728180241213124
636100,10.50708103179932,reading,-0.5707059572811931
636180,11.159399032592768,reading,-0.3056463546235517
636210,10.54062747955322,reading,0.030609749650142067
636240,10.743541717529302,reading,
636270,10.55338191986084,reading,-0.344029248406884
636330,10.4940071105957,reading,
636360,10.95475387573242,reading,
636420,10.82743740081787,reading,
636450,10.861572265625,reading,
636570,10.869593620300288,reading,
636660,10.846909523010249,reading,
636670,11.208995819091802,reading,-0.0855052176068336
636780,10.729329109191893,reading,
636800,10.96838665008545,reading,-0.25121368204522043
636805,11.1001615524292,reading,-0.34064849025464805
636810,10.91809844970703,reading,
636820,10.78579521179199,reading,-0.4278099421258973
636840,11.36925506591797,reading,-0.2912141110449351
636960,10.79602527618408,reading,
636970,10.89075183868408,reading,-0.34699993390801115
636990,11.6788158416748,reading,-0.23609714697524306
637050,10.878440856933588,reading,-0.2962400837554092
637110,11.137866020202642,reading,-0.20688614027583715
637140,11.42294216156006,reading,
637200,11.174379348754881,reading,-0.31347820400677995
637230,10.68099498748779,reading,-0.3086157905823647
637290,11.222060203552251,reading,-0.21933040191685615
637320,11.1331090927124,reading,-0.3288517737490764
637350,10.94503879547119,reading,-0.4481231301268333
637380,10.76536273956299,reading,-0.2640829336637412
637470,10.39048957824707,reading,
637500,11.375057220458979,reading,-0.3005811979254845
637530,11.404099464416499,reading,-0.3296740991861176
637560,10.97421932220459,reading,-0.27392974803033737
637590,10.58515644073486,reading,-0.5155854017388016
637620,10.844959259033198,reading,-0.20463295017267485
637630,10.40182113647461,reading,
637650,11.453857421875,reading,
637680,10.88686466217041,reading,
637710,11.79182434082031,reading,-0.37976959292139495
637770,10.87067699432373,reading,-0.1729725670526777
637830,11.29226875305176,reading,-0.19106510194858012
637890,10.58898639678955,reading,-0.2795842315538683
637950,10.87020683288574,reading,-0.3912525463191961
638010,10.52779388427734,reading,-0.3459975899924195
638040,10.61598205566406,reading,
638070,10.612250328063961,reading,
638130,10.52229022979736,reading,-0.3399782845115594
638220,11.23283100128174,reading,-0.3257732213364614
638250,11.029520034790039,reading,-0.1747696469290162
638340,10.94961643218994,reading,-0.2775619058547303
638430,10.4230432510376,reading,-0.3620883397325135
638460,11.68134212493896,reading,-0.3365279529037437
638520,10.6225004196167,reading,
638550,10.78019332885742,reading,-0.5148285498579129
638670,11.034836769103999,reading,-0.34469175126646645
638700,10.64688014984131,reading,-0.3423650558571924
638770,11.18696594238281,reading,-0.34473621936310417
638880,10.96443843841553,reading,-0.33449502374724754
638980,11.01671504974365,reading,-0.1954140122255498
639000,11.23572635650635,reading,-0.3389073805372592
639060,10.53962802886963,reading,-0.2825167848608727
639180,10.34969329833984,reading,-0.20510024516851205
639210,11.06776809692383,reading,
639300,10.36467361450195,reading,-0.2651299397537312
639420,11.317378997802727,reading,-0.2947346618056773
639600,10.64522457122803,reading,
639630,11.389756202697749,reading,-0.3846093733542833
639690,11.18950653076172,reading,
639720,10.84342575073242,reading,
639750,10.54048824310303,reading,
639840,10.61042881011963,reading,
639870,10.78854370117188,reading,-0.3633135533747816
639940,10.55925178527832,reading,-0.5812267026118391
640150,11.26981639862061,reading,-0.3063969997753055
640200,10.90684509277344,reading,0.0434604702346631
640230,11.39100170135498,reading,-0.3925231303666485
640260,11.092954635620119,reading,
640300,10.75364685058594,reading,-0.4172822870472901
640320,11.71383857727051,reading,-0.24633437837178546
640380,10.997201919555659,reading,-0.2271890420532881
640590,11.176501274108892,reading,-0.2602419391563596
640650,10.957045555114751,reading,-0.265038044016546
640680,10.82048225402832,reading,-0.41239494166841134
640710,11.02756118774414,reading,
640740,11.00911808013916,reading,-0.3703765971919561
640800,11.153042793273931,reading,
640980,11.1361608505249,reading,-0.2753521206005569
641040,10.68410110473633,reading,-0.3631200843266993
641130,10.25436687469482,reading,-0.5734731135665911
641160,10.83622074127197,reading,-0.3579172227138444
641190,11.09000492095947,reading,-0.2845704052298348
641220,11.360644340515142,reading,
641250,11.3107385635376,reading,-0.34591744369790794
641280,11.42573070526123,reading,-0.23261845452552626
641400,10.46611595153809,reading,-0.3502096617493598
641460,10.67307090759277,reading,-0.3411646893438079
641580,10.97952365875244,reading,-0.3774387897227792
641610,11.643558502197273,reading,-0.1990905427091706
641790,11.33915042877197,reading,-0.2637032391940336
641820,10.55051136016846,reading,
641880,10.7632474899292,reading,-0.32919187519542675
641980,10.58536052703857,reading,-0.2059666609053216
642000,11.23658561706543,reading,-0.3223758692813691
642060,10.61154747009277,reading,-0.34677130944528006
642120,11.30177593231201,reading,-0.3480197144527851
642140,11.18789291381836,reading,-0.3111534826382349
642150,10.9603967666626,reading,-0.2778563605485668
642180,10.48174667358398,reading,-0.30219843146785497
642210,10.49061012268066,reading,
642270,11.2562313079834,reading,
642300,10.70278453826904,reading,
642330,10.97226333618164,reading,-0.41033784996441336
642420,10.775045394897461,reading,
642450,11.014652252197273,reading,-0.3413404894750222
642540,10.93482780456543,reading,-0.2059238179108389
642560,10.59966468811035,reading,
642580,10.652177810668947,reading,
642600,10.711262702941893,reading,
642630,11.30738925933838,reading,
642710,10.68513584136963,reading,-0.26202633549219984
642750,11.324911117553713,reading,
642810,10.49714088439941,reading,-0.38497150162876703
642900,10.72126865386963,reading,
642930,11.216064453125,reading,-0.33865099793516223
642960,10.5961446762085,reading,-0.2676736815899265
643080,10.98653984069824,reading,-0.3409776533203696
643140,12.14197826385498,reading,-0.04107566500036
643170,10.30096912384033,reading,-0.09600385711918936
643200,11.11839294433594,reading,-0.3463996216706485
643380,10.572469711303713,reading,-0.3264522119611176
643470,10.824331283569341,reading,-0.29151800966090063
643560,10.96833324432373,reading,-0.34577293161906314
684500,11.43335628509521,reading,-0.2869835677750785
691003,,reading,
691009,,reading,
691012,,reading,
691023,,reading,
691028,,reading,
691030,,reading,
691031,,reading,
691033,,reading,
691035,,reading,
691102,,reading,
691134,10.47535991668701,reading,-0.4430490822501849
691135,10.99540424346924,reading,-0.3216685446028943
691136,11.22889518737793,reading,-0.2668691763672513
691137,10.928622245788569,reading,
