GEOID_MSA,Name,Econ_Domain,Social_Domain,Env_Domain,Sustain_Index
310M300US10100,"Aberdeen, SD Micro Area",0.565263998,0.591259131,0.444471891,1.60099502
310M300US10140,"Aberdeen, WA Micro Area",0.427670715,0.520744124,0.429274486,1.377689325
310M300US10180,"Abilene, TX Metro Area",0.48109164,0.496873659,0.454191809,1.432157108
310M300US10220,"Ada, OK Micro Area",0.466566431,0.526205732,0.425964488,1.418736651
310M300US10300,"Adrian, MI Micro Area",0.497908391,0.602439536,0.282499343,1.38284727
310M300US10420,"Akron, OH Metro Area",0.491116298,0.578999011,0.326248108,1.396363416
310M300US10460,"Alamogordo, NM Micro Area",0.398821415,0.535297837,0.416241451,1.350360703
310M300US10500,"Albany, GA Metro Area",0.324109019,0.468263244,0.469605505,1.261977768
310M300US10540,"Albany, OR Metro Area",0.460757231,0.588661866,0.400522305,1.449941401
310M300US10580,"Albany-Schenectady-Troy, NY Metro Area",0.565585355,0.568286409,0.412462761,1.546334526
310M300US10620,"Albemarle, NC Micro Area",0.445682389,0.587394828,0.457463811,1.490541028
310M300US10660,"Albert Lea, MN Micro Area",0.531736795,0.634746945,0.43902199,1.605505729
310M300US10700,"Albertville, AL Micro Area",0.384731001,0.59845388,0.46328946,1.446474341
310M300US10740,"Albuquerque, NM Metro Area",0.44872909,0.570229742,0.484569687,1.503528518
310M300US10760,"Alexander City, AL Micro Area",0.388620394,0.585491774,0.458844301,1.432956469
310M300US10780,"Alexandria, LA Metro Area",0.420295366,0.508394491,0.421204982,1.349894839
310M300US10820,"Alexandria, MN Micro Area",0.562737987,0.642964369,0.459275478,1.664977834
310M300US10860,"Alice, TX Micro Area",0.380918172,0.503091873,0.453836717,1.337846762
310M300US10900,"Allentown-Bethlehem-Easton, PA-NJ Metro Area",0.53613116,0.591203659,0.490844576,1.618179395
310M300US10940,"Alma, MI Micro Area",0.391054982,0.564051001,0.240842175,1.195948158
310M300US10980,"Alpena, MI Micro Area",0.453621184,0.590404231,0.220821982,1.264847396
310M300US11020,"Altoona, PA Metro Area",0.482796225,0.586205995,0.447737069,1.516739289
310M300US11060,"Altus, OK Micro Area",0.459685562,0.482921403,0.418202513,1.360809478
310M300US11100,"Amarillo, TX Metro Area",0.508672609,0.558570864,0.521188215,1.588431688
310M300US11140,"Americus, GA Micro Area",0.281757223,0.482582885,0.452533409,1.216873518
310M300US11180,"Ames, IA Metro Area",0.493275947,0.589348072,0.472280631,1.554904649
310M300US11220,"Amsterdam, NY Micro Area",0.430262624,0.545200161,0.344778116,1.3202409
310M300US11260,"Anchorage, AK Metro Area",0.629251357,0.506542553,0.435386876,1.571180787
310M300US11380,"Andrews, TX Micro Area",0.559667868,0.606113956,0.455735241,1.621517065
310M300US11420,"Angola, IN Micro Area",0.554947289,0.554772161,0.403195705,1.512915156
310M300US11460,"Ann Arbor, MI Metro Area",0.550617871,0.599668317,0.308648217,1.458934405
310M300US11500,"Anniston-Oxford-Jacksonville, AL Metro Area",0.399655726,0.5682349,0.445075111,1.412965736
310M300US11540,"Appleton, WI Metro Area",0.606483692,0.643037862,0.407864009,1.657385563
310M300US11580,"Arcadia, FL Micro Area",0.329520259,0.571700515,0.45648769,1.357708464
310M300US11620,"Ardmore, OK Micro Area",0.440954876,0.531645431,0.443097121,1.415697428
310M300US11660,"Arkadelphia, AR Micro Area",0.434808325,0.550895856,0.48208904,1.46779322
310M300US11680,"Arkansas City-Winfield, KS Micro Area",0.481107551,0.526938841,0.431170527,1.439216919
310M300US11700,"Asheville, NC Metro Area",0.506599158,0.592277339,0.474516661,1.573393159
310M300US11740,"Ashland, OH Micro Area",0.525675425,0.611096115,0.344794381,1.481565921
310M300US11780,"Ashtabula, OH Micro Area",0.428613235,0.562204521,0.232538979,1.223356734
310M300US11820,"Astoria, OR Micro Area",0.52303651,0.523040965,0.455913148,1.501990624
310M300US11860,"Atchison, KS Micro Area",0.396853267,0.539150854,0.341407414,1.277411535
310M300US11900,"Athens, OH Micro Area",0.326452318,0.495649917,0.300852354,1.122954589
310M300US11940,"Athens, TN Micro Area",0.395948352,0.578229621,0.407530779,1.381708752
310M300US11980,"Athens, TX Micro Area",0.425211837,0.563094649,0.424643318,1.412949804
310M300US12020,"Athens-Clarke County, GA Metro Area",0.382569282,0.520374407,0.470921357,1.373865046
310M300US12060,"Atlanta-Sandy Springs-Roswell, GA Metro Area",0.509765888,0.559745234,0.503432916,1.572944038
310M300US12100,"Atlantic City-Hammonton, NJ Metro Area",0.424031418,0.529389524,0.451490953,1.404911895
310M300US12120,"Atmore, AL Micro Area",0.30484852,0.559894393,0.452030825,1.316773738
310M300US12140,"Auburn, IN Micro Area",0.525461455,0.566389708,0.406546736,1.498397899
310M300US12180,"Auburn, NY Micro Area",0.509459998,0.550341377,0.330362174,1.390163549
310M300US12220,"Auburn-Opelika, AL Metro Area",0.433410459,0.555812995,0.452384124,1.441607578
310M300US12260,"Augusta-Richmond County, GA-SC Metro Area",0.427798048,0.551303666,0.473493993,1.452595707
310M300US12300,"Augusta-Waterville, ME Micro Area",0.508734719,0.573205405,0.444051,1.525991124
310M300US12380,"Austin, MN Micro Area",0.497815466,0.61311558,0.441110117,1.552041162
310M300US12420,"Austin-Round Rock, TX Metro Area",0.579545679,0.543976807,0.4680075,1.591529986
310M300US12460,"Bainbridge, GA Micro Area",0.323262474,0.46392327,0.433876333,1.221062077
310M300US12540,"Bakersfield, CA Metro Area",0.381596032,0.552166085,0.540754017,1.474516134
310M300US12580,"Baltimore-Columbia-Towson, MD Metro Area",0.600357441,0.59169878,0.503468709,1.695524931
310M300US12620,"Bangor, ME Metro Area",0.465343122,0.55317059,0.402601362,1.421115074
310M300US12660,"Baraboo, WI Micro Area",0.546337527,0.593078698,0.441624833,1.581041058
310M300US12680,"Bardstown, KY Micro Area",0.501464802,0.617391171,0.438362432,1.557218405
310M300US12700,"Barnstable Town, MA Metro Area",0.599742774,0.61962896,0.422865139,1.642236873
310M300US12740,"Barre, VT Micro Area",0.554571992,0.602033024,0.445077696,1.601682713
310M300US12780,"Bartlesville, OK Micro Area",0.487831802,0.565640608,0.432897914,1.486370324
310M300US12820,"Bastrop, LA Micro Area",0.321977095,0.537154151,0.424099517,1.283230764
310M300US12860,"Batavia, NY Micro Area",0.532880934,0.613677163,0.293360784,1.439918881
310M300US12900,"Batesville, AR Micro Area",0.423250416,0.556369352,0.44929987,1.428919638
310M300US12940,"Baton Rouge, LA Metro Area",0.480872084,0.548409909,0.460866039,1.490148032
310M300US12980,"Battle Creek, MI Metro Area",0.447939503,0.560261248,0.204435443,1.212636193
310M300US13020,"Bay City, MI Metro Area",0.441902253,0.619016571,0.362069692,1.422988516
310M300US13060,"Bay City, TX Micro Area",0.419221768,0.489553309,0.410309852,1.319084929
310M300US13100,"Beatrice, NE Micro Area",0.555817872,0.601456132,0.411172908,1.568446911
310M300US13140,"Beaumont-Port Arthur, TX Metro Area",0.44085217,0.531678369,0.454381456,1.426911995
310M300US13180,"Beaver Dam, WI Micro Area",0.558828623,0.612787978,0.431461174,1.603077775
310M300US13220,"Beckley, WV Metro Area",0.421520752,0.543607881,0.389860021,1.354988654
310M300US13260,"Bedford, IN Micro Area",0.518557534,0.597665105,0.367434976,1.483657614
310M300US13300,"Beeville, TX Micro Area",0.414558639,0.462629644,0.438687108,1.315875391
310M300US13340,"Bellefontaine, OH Micro Area",0.512629418,0.573469838,0.287175838,1.373275094
310M300US13380,"Bellingham, WA Metro Area",0.512021209,0.597013155,0.47148467,1.580519034
310M300US13420,"Bemidji, MN Micro Area",0.425451984,0.55561102,0.407534246,1.38859725
310M300US13460,"Bend-Redmond, OR Metro Area",0.542011691,0.602085433,0.423666682,1.567763805
310M300US13500,"Bennettsville, SC Micro Area",0.278261247,0.521331755,0.465706553,1.265299555
310M300US13540,"Bennington, VT Micro Area",0.497159684,0.568066484,0.406768629,1.471994797
310M300US13620,"Berlin, NH-VT Micro Area",0.469703977,0.500806148,0.428287632,1.398797756
310M300US13660,"Big Rapids, MI Micro Area",0.371940233,0.548864566,0.209314768,1.130119567
310M300US13700,"Big Spring, TX Micro Area",0.484969079,0.532051052,0.467035754,1.484055884
310M300US13720,"Big Stone Gap, VA Micro Area",0.343969695,0.525019291,0.466544549,1.335533534
310M300US13740,"Billings, MT Metro Area",0.551025144,0.609480648,0.468895902,1.629401694
310M300US13780,"Binghamton, NY Metro Area",0.457795548,0.573093727,0.389061546,1.419950821
310M300US13820,"Birmingham-Hoover, AL Metro Area",0.465361875,0.602285309,0.483233954,1.550881138
310M300US13900,"Bismarck, ND Metro Area",0.620711824,0.608095892,0.393803321,1.622611037
310M300US13940,"Blackfoot, ID Micro Area",0.509101948,0.594034744,0.352784026,1.455920718
310M300US13980,"Blacksburg-Christiansburg-Radford, VA Metro Area",0.462064282,0.545115152,0.426768773,1.433948208
310M300US14010,"Bloomington, IL Metro Area",0.544793723,0.604383898,0.441087656,1.590265276
310M300US14020,"Bloomington, IN Metro Area",0.430651517,0.51469291,0.418027983,1.363372411
310M300US14100,"Bloomsburg-Berwick, PA Metro Area",0.489064131,0.577980752,0.428605308,1.495650191
310M300US14140,"Bluefield, WV-VA Micro Area",0.408909533,0.549745088,0.424197523,1.382852144
310M300US14180,"Blytheville, AR Micro Area",0.326799803,0.433735326,0.44181446,1.202349589
310M300US14220,"Bogalusa, LA Micro Area",0.27342945,0.50192285,0.446605808,1.221958108
310M300US14260,"Boise City, ID Metro Area",0.507974355,0.603827154,0.470958657,1.582760167
310M300US14300,"Bonham, TX Micro Area",0.48096217,0.575836669,0.415458335,1.472257174
310M300US14340,"Boone, IA Micro Area",0.560801194,0.64837475,0.442113053,1.651288997
310M300US14380,"Boone, NC Micro Area",0.362572355,0.506116408,0.468764122,1.337452885
310M300US14420,"Borger, TX Micro Area",0.477785833,0.534972624,0.444855823,1.45761428
310M300US14460,"Boston-Cambridge-Newton, MA-NH Metro Area",0.626883379,0.602083728,0.460872347,1.689839454
310M300US14500,"Boulder, CO Metro Area",0.637630395,0.628436938,0.470034469,1.736101803
310M300US14540,"Bowling Green, KY Metro Area",0.445557916,0.548569559,0.42741571,1.421543184
310M300US14580,"Bozeman, MT Micro Area",0.557009544,0.59703293,0.43658848,1.590630953
310M300US14620,"Bradford, PA Micro Area",0.434351796,0.520413406,0.476415685,1.431180887
310M300US14660,"Brainerd, MN Micro Area",0.516977486,0.571887513,0.452299389,1.541164388
310M300US14700,"Branson, MO Micro Area",0.443110608,0.520302585,0.466650044,1.430063238
310M300US14720,"Breckenridge, CO Micro Area",0.655355125,0.489075562,0.506572759,1.651003445
310M300US14740,"Bremerton-Silverdale, WA Metro Area",0.594859408,0.592699252,0.378372778,1.565931438
310M300US14780,"Brenham, TX Micro Area",0.49542303,0.579374223,0.438370946,1.513168199
310M300US14820,"Brevard, NC Micro Area",0.46437695,0.593590709,0.461677399,1.519645059
310M300US14860,"Bridgeport-Stamford-Norwalk, CT Metro Area",0.603887864,0.620203155,0.455833274,1.679924293
310M300US15020,"Brookhaven, MS Micro Area",0.374261844,0.56540146,0.444385618,1.384048922
310M300US15060,"Brookings, OR Micro Area",0.427707923,0.583338565,0.437945431,1.44899192
310M300US15100,"Brookings, SD Micro Area",0.528298225,0.544761536,0.4556768,1.528736561
310M300US15140,"Brownsville, TN Micro Area",0.376360399,0.483531322,0.373821285,1.233713007
310M300US15180,"Brownsville-Harlingen, TX Metro Area",0.284006938,0.51673102,0.441841235,1.242579194
310M300US15220,"Brownwood, TX Micro Area",0.423560138,0.572976081,0.440359125,1.436895344
310M300US15260,"Brunswick, GA Metro Area",0.402391843,0.485338567,0.451069298,1.338799708
310M300US15340,"Bucyrus, OH Micro Area",0.440627258,0.558433824,0.331715052,1.330776134
310M300US15380,"Buffalo-Cheektowaga-Niagara Falls, NY Metro Area",0.499488736,0.575524375,0.345623131,1.420636242
310M300US15420,"Burley, ID Micro Area",0.480328364,0.590267597,0.44999133,1.520587291
310M300US15460,"Burlington, IA-IL Micro Area",0.491948109,0.581609913,0.444581604,1.518139626
310M300US15500,"Burlington, NC Metro Area",0.454474107,0.56011037,0.443817947,1.458402425
310M300US15540,"Burlington-South Burlington, VT Metro Area",0.590068079,0.61282165,0.404955114,1.607844843
310M300US15580,"Butte-Silver Bow, MT Micro Area",0.423158632,0.562287815,0.486437864,1.471884311
310M300US15620,"Cadillac, MI Micro Area",0.441973695,0.580457644,0.315078729,1.337510068
310M300US15660,"Calhoun, GA Micro Area",0.445097062,0.514788495,0.451770578,1.411656135
310M300US15680,"California-Lexington Park, MD Metro Area",0.678064819,0.605496669,0.418497606,1.702059095
310M300US15700,"Cambridge, MD Micro Area",0.451299775,0.530790835,0.387327126,1.369417736
310M300US15740,"Cambridge, OH Micro Area",0.425456766,0.552396783,0.361557325,1.339410873
310M300US15780,"Camden, AR Micro Area",0.353158649,0.495784143,0.482640427,1.331583219
310M300US15820,"Campbellsville, KY Micro Area",0.378346749,0.524915028,0.424793419,1.328055196
310M300US15860,"Cañon City, CO Micro Area",0.455753893,0.614423536,0.411945173,1.482122602
310M300US15900,"Canton, IL Micro Area",0.465601565,0.594146899,0.406335637,1.466084101
310M300US15940,"Canton-Massillon, OH Metro Area",0.489038109,0.590137386,0.361132448,1.440307942
310M300US15980,"Cape Coral-Fort Myers, FL Metro Area",0.465164391,0.546825123,0.482688232,1.494677745
310M300US16020,"Cape Girardeau, MO-IL Metro Area",0.453479091,0.551575285,0.42910574,1.434160116
310M300US16060,"Carbondale-Marion, IL Metro Area",0.404448275,0.544521714,0.419069396,1.368039386
310M300US16100,"Carlsbad-Artesia, NM Micro Area",0.54033007,0.56551751,0.441755935,1.547603516
310M300US16140,"Carroll, IA Micro Area",0.555121363,0.648660677,0.456577451,1.660359491
310M300US16180,"Carson City, NV Metro Area",0.467995255,0.49878914,0.470485609,1.437270004
310M300US16220,"Casper, WY Metro Area",0.566971323,0.533034353,0.475462884,1.57546856
310M300US16260,"Cedar City, UT Micro Area",0.431003325,0.558700297,0.473495123,1.463198745
310M300US16300,"Cedar Rapids, IA Metro Area",0.575087908,0.649989181,0.444755072,1.669832161
310M300US16340,"Cedartown, GA Micro Area",0.389876037,0.529925566,0.445117021,1.364918624
310M300US16380,"Celina, OH Micro Area",0.561975406,0.657618406,0.32067386,1.540267671
310M300US16420,"Central City, KY Micro Area",0.406624334,0.556482027,0.408488752,1.371595112
310M300US16460,"Centralia, IL Micro Area",0.43745206,0.585579099,0.4124399,1.435471059
310M300US16500,"Centralia, WA Micro Area",0.453043422,0.576373345,0.438289091,1.467705858
310M300US16540,"Chambersburg-Waynesboro, PA Metro Area",0.556431584,0.59975358,0.439330608,1.595515772
310M300US16580,"Champaign-Urbana, IL Metro Area",0.457700335,0.556796749,0.436640379,1.451137464
310M300US16620,"Charleston, WV Metro Area",0.450255096,0.538268204,0.412670843,1.401194144
310M300US16660,"Charleston-Mattoon, IL Micro Area",0.412649871,0.564740803,0.43279243,1.410183104
310M300US16700,"Charleston-North Charleston, SC Metro Area",0.512095463,0.60039039,0.454084372,1.566570225
310M300US16740,"Charlotte-Concord-Gastonia, NC-SC Metro Area",0.502218714,0.594409401,0.453679054,1.550307169
310M300US16820,"Charlottesville, VA Metro Area",0.568014372,0.578033885,0.469135972,1.615184228
310M300US16860,"Chattanooga, TN-GA Metro Area",0.476586012,0.558698626,0.434344458,1.469629096
310M300US16940,"Cheyenne, WY Metro Area",0.583038658,0.567019137,0.446200652,1.596258446
310M300US16980,"Chicago-Naperville-Elgin, IL-IN-WI Metro Area",0.499835096,0.595652299,0.469733575,1.56522097
310M300US17020,"Chico, CA Metro Area",0.411507116,0.553613314,0.448162021,1.413282451
310M300US17060,"Chillicothe, OH Micro Area",0.439899505,0.550945083,0.273121604,1.263966193
310M300US17140,"Cincinnati, OH-KY-IN Metro Area",0.509451895,0.579125608,0.411578074,1.500155577
310M300US17200,"Claremont-Lebanon, NH-VT Micro Area",0.5304773,0.557927252,0.42800246,1.516407012
310M300US17220,"Clarksburg, WV Micro Area",0.480307075,0.582554366,0.373677139,1.43653858
310M300US17260,"Clarksdale, MS Micro Area",0.156103715,0.445519271,0.443218771,1.044841756
310M300US17300,"Clarksville, TN-KY Metro Area",0.480275622,0.512252143,0.417679314,1.410207078
310M300US17340,"Clearlake, CA Micro Area",0.335796644,0.502952159,0.468127961,1.306876763
310M300US17380,"Cleveland, MS Micro Area",0.18817097,0.451271382,0.475387118,1.114829469
310M300US17420,"Cleveland, TN Metro Area",0.43831623,0.554311382,0.400193407,1.392821018
310M300US17460,"Cleveland-Elyria, OH Metro Area",0.461754665,0.56572104,0.318347793,1.345823498
310M300US17500,"Clewiston, FL Micro Area",0.324107842,0.502899349,0.409159971,1.236167163
310M300US17540,"Clinton, IA Micro Area",0.514148645,0.613433327,0.312733688,1.44031566
310M300US17580,"Clovis, NM Micro Area",0.382568135,0.503199086,0.456068798,1.341836019
310M300US17660,"Coeur d'Alene, ID Metro Area",0.515129659,0.579026514,0.384620677,1.47877685
310M300US17700,"Coffeyville, KS Micro Area",0.453235966,0.527514366,0.367606322,1.348356655
310M300US17740,"Coldwater, MI Micro Area",0.497638554,0.574267187,0.220928774,1.292834515
310M300US17780,"College Station-Bryan, TX Metro Area",0.415550472,0.484105469,0.371904094,1.271560034
310M300US17820,"Colorado Springs, CO Metro Area",0.560996949,0.616292397,0.448687778,1.625977124
310M300US17860,"Columbia, MO Metro Area",0.496850702,0.5321037,0.466323979,1.495278381
310M300US17900,"Columbia, SC Metro Area",0.480084561,0.602148813,0.453290608,1.535523982
310M300US17980,"Columbus, GA-AL Metro Area",0.382168129,0.465395946,0.480664795,1.32822887
310M300US18020,"Columbus, IN Metro Area",0.547370001,0.585125078,0.425674398,1.558169477
310M300US18060,"Columbus, MS Micro Area",0.375702175,0.508357253,0.436252383,1.320311811
310M300US18100,"Columbus, NE Micro Area",0.56771711,0.612985131,0.427366703,1.608068944
310M300US18140,"Columbus, OH Metro Area",0.526859672,0.563264002,0.346073374,1.436197048
310M300US18180,"Concord, NH Micro Area",0.602245114,0.579685106,0.42303222,1.604962439
310M300US18220,"Connersville, IN Micro Area",0.435388664,0.554406815,0.394931489,1.384726968
310M300US18260,"Cookeville, TN Micro Area",0.353524707,0.559942182,0.398157735,1.311624624
310M300US18300,"Coos Bay, OR Micro Area",0.383895656,0.56094636,0.364740555,1.309582572
310M300US18380,"Cordele, GA Micro Area",0.189845782,0.450759919,0.438998917,1.079604619
310M300US18420,"Corinth, MS Micro Area",0.389526529,0.576535496,0.428962693,1.395024717
310M300US18460,"Cornelia, GA Micro Area",0.443783806,0.594168366,0.49360377,1.531555941
310M300US18500,"Corning, NY Micro Area",0.462149744,0.570376464,0.366821279,1.399347486
310M300US18580,"Corpus Christi, TX Metro Area",0.473273487,0.498301362,0.428695477,1.400270326
310M300US18620,"Corsicana, TX Micro Area",0.402608726,0.506877875,0.436012769,1.34549937
310M300US18660,"Cortland, NY Micro Area",0.510748514,0.541546691,0.411172108,1.463467313
310M300US18700,"Corvallis, OR Metro Area",0.484627687,0.614509362,0.398014417,1.497151467
310M300US18740,"Coshocton, OH Micro Area",0.461901891,0.620590842,0.273171478,1.355664211
310M300US18780,"Craig, CO Micro Area",0.545038529,0.585678989,0.511591773,1.642309291
310M300US18820,"Crawfordsville, IN Micro Area",0.566420038,0.575633649,0.414445854,1.556499541
310M300US18860,"Crescent City, CA Micro Area",0.338525263,0.518064935,0.363893261,1.220483458
310M300US18880,"Crestview-Fort Walton Beach-Destin, FL Metro Area",0.528854024,0.534538235,0.461484365,1.524876624
310M300US18900,"Crossville, TN Micro Area",0.445022092,0.570488462,0.422930241,1.438440795
310M300US18980,"Cullman, AL Micro Area",0.433630987,0.64451543,0.438269309,1.516415726
310M300US19000,"Cullowhee, NC Micro Area",0.436202868,0.47366728,0.491127344,1.400997492
310M300US19060,"Cumberland, MD-WV Metro Area",0.445096791,0.544197036,0.398884988,1.388178815
310M300US19100,"Dallas-Fort Worth-Arlington, TX Metro Area",0.528449186,0.552703832,0.487562253,1.568715272
310M300US19140,"Dalton, GA Metro Area",0.41381032,0.554296809,0.441614596,1.409721725
310M300US19180,"Danville, IL Metro Area",0.438135625,0.558199427,0.412034554,1.408369607
310M300US19220,"Danville, KY Micro Area",0.421965456,0.57738124,0.397739226,1.397085922
310M300US19260,"Danville, VA Micro Area",0.414319399,0.529542845,0.461483554,1.405345797
310M300US19300,"Daphne-Fairhope-Foley, AL Metro Area",0.509415419,0.628461333,0.432939462,1.570816214
310M300US19340,"Davenport-Moline-Rock Island, IA-IL Metro Area",0.514078238,0.610800896,0.451575655,1.576454788
310M300US19380,"Dayton, OH Metro Area",0.474338497,0.560364429,0.329607231,1.364310158
310M300US19420,"Dayton, TN Micro Area",0.406219847,0.525044552,0.423160128,1.354424527
310M300US19460,"Decatur, AL Metro Area",0.439586577,0.609630287,0.435437565,1.48465443
310M300US19500,"Decatur, IL Metro Area",0.434114936,0.568041407,0.444534548,1.446690891
310M300US19540,"Decatur, IN Micro Area",0.448014244,0.618211634,0.352272087,1.418497965
310M300US19580,"Defiance, OH Micro Area",0.555125355,0.615806397,0.266753868,1.437685621
310M300US19620,"Del Rio, TX Micro Area",0.408119248,0.519098773,0.436375069,1.36359309
310M300US19660,"Deltona-Daytona Beach-Ormond Beach, FL Metro Area",0.453646935,0.571580129,0.435681391,1.460908455
310M300US19700,"Deming, NM Micro Area",0.221302372,0.546155718,0.427990572,1.195448662
310M300US19740,"Denver-Aurora-Lakewood, CO Metro Area",0.619888704,0.625911519,0.503384381,1.749184605
310M300US19760,"DeRidder, LA Micro Area",0.458830124,0.567521902,0.428832403,1.45518443
310M300US19780,"Des Moines-West Des Moines, IA Metro Area",0.575997726,0.627468699,0.44251218,1.645978606
310M300US19820,"Detroit-Warren-Dearborn, MI Metro Area",0.472101346,0.590676922,0.364801696,1.427579964
310M300US19860,"Dickinson, ND Micro Area",0.631904512,0.572631187,0.456605512,1.66114121
310M300US19940,"Dixon, IL Micro Area",0.517127324,0.6004644,0.439923055,1.557514778
310M300US19980,"Dodge City, KS Micro Area",0.469598698,0.52158773,0.399486113,1.390672541
310M300US20020,"Dothan, AL Metro Area",0.412974784,0.56942987,0.432865646,1.4152703
310M300US20060,"Douglas, GA Micro Area",0.328713523,0.4994706,0.452739059,1.280923181
310M300US20100,"Dover, DE Metro Area",0.517565862,0.563181302,0.387635647,1.468382811
310M300US20140,"Dublin, GA Micro Area",0.321811056,0.528306049,0.441445208,1.291562314
310M300US20180,"DuBois, PA Micro Area",0.435945168,0.587384985,0.422395732,1.445725885
310M300US20220,"Dubuque, IA Metro Area",0.549215937,0.634725859,0.422946888,1.606888684
310M300US20260,"Duluth, MN-WI Metro Area",0.505494693,0.584209927,0.43116066,1.52086528
310M300US20300,"Dumas, TX Micro Area",0.54031766,0.509121946,0.46811054,1.517550145
310M300US20340,"Duncan, OK Micro Area",0.452045523,0.54597907,0.389222793,1.387247386
310M300US20380,"Dunn, NC Micro Area",0.446413173,0.557216881,0.465623993,1.469254047
310M300US20420,"Durango, CO Micro Area",0.604406115,0.617011192,0.42687124,1.648288546
310M300US20460,"Durant, OK Micro Area",0.434022276,0.493897134,0.405913901,1.333833311
310M300US20500,"Durham-Chapel Hill, NC Metro Area",0.509173448,0.568182179,0.475205745,1.552561372
310M300US20540,"Dyersburg, TN Micro Area",0.418347744,0.499872536,0.333339725,1.251560005
310M300US20580,"Eagle Pass, TX Micro Area",0.286309014,0.524577188,0.406928825,1.217815027
310M300US20660,"Easton, MD Micro Area",0.56931845,0.594891898,0.404791464,1.569001813
310M300US20700,"East Stroudsburg, PA Metro Area",0.487622099,0.561014014,0.465535782,1.514171896
310M300US20740,"Eau Claire, WI Metro Area",0.541825238,0.60758426,0.439665136,1.589074634
310M300US20780,"Edwards, CO Micro Area",0.693922054,0.554481687,0.471196253,1.719599993
310M300US20820,"Effingham, IL Micro Area",0.529631117,0.647450654,0.478368919,1.655450689
310M300US20900,"El Campo, TX Micro Area",0.421942029,0.540194162,0.440932532,1.403068724
310M300US20940,"El Centro, CA Metro Area",0.289346077,0.517907418,0.429667416,1.236920911
310M300US20980,"El Dorado, AR Micro Area",0.401304384,0.597327315,0.471486316,1.470118015
310M300US21020,"Elizabeth City, NC Micro Area",0.448304188,0.562035087,0.445602168,1.455941443
310M300US21060,"Elizabethtown-Fort Knox, KY Metro Area",0.503202014,0.549950611,0.408355565,1.46150819
310M300US21120,"Elk City, OK Micro Area",0.470052183,0.513753427,0.43252647,1.41633208
310M300US21140,"Elkhart-Goshen, IN Metro Area",0.521238742,0.588263471,0.326754831,1.436257044
310M300US21180,"Elkins, WV Micro Area",0.391066755,0.570453548,0.41939121,1.380911513
310M300US21220,"Elko, NV Micro Area",0.623340994,0.550766225,0.513112866,1.687220085
310M300US21260,"Ellensburg, WA Micro Area",0.489267308,0.529195101,0.434461975,1.452924385
310M300US21300,"Elmira, NY Metro Area",0.493322265,0.564844468,0.408427594,1.466594327
310M300US21340,"El Paso, TX Metro Area",0.387430826,0.508805643,0.554816722,1.451053192
310M300US21380,"Emporia, KS Micro Area",0.443055831,0.511944566,0.414509529,1.369509926
310M300US21420,"Enid, OK Metro Area",0.509859287,0.551014204,0.368215182,1.429088673
310M300US21460,"Enterprise, AL Micro Area",0.482499408,0.56431507,0.443012039,1.489826517
310M300US21500,"Erie, PA Metro Area",0.461826351,0.560250204,0.41322312,1.435299676
310M300US21540,"Escanaba, MI Micro Area",0.458147379,0.604218093,0.330539102,1.392904574
310M300US21580,"Española, NM Micro Area",0.307129127,0.499794315,0.480018189,1.286941631
310M300US21640,"Eufaula, AL-GA Micro Area",0.299903054,0.490898754,0.48263869,1.273440499
310M300US21660,"Eugene, OR Metro Area",0.442607741,0.570663605,0.430825694,1.44409704
310M300US21700,"Eureka-Arcata-Fortuna, CA Micro Area",0.392065119,0.526326345,0.331882248,1.250273712
310M300US21740,"Evanston, WY Micro Area",0.493629622,0.564745103,0.473090307,1.531465031
310M300US21780,"Evansville, IN-KY Metro Area",0.491945456,0.571451977,0.431639063,1.495036496
310M300US21820,"Fairbanks, AK Metro Area",0.621001894,0.474951378,0.440263624,1.536216896
310M300US21840,"Fairfield, IA Micro Area",0.434945595,0.636882004,0.460316156,1.532143755
310M300US21860,"Fairmont, MN Micro Area",0.542481599,0.60003632,0.387621482,1.530139401
310M300US21900,"Fairmont, WV Micro Area",0.500708567,0.586278746,0.354076017,1.44106333
310M300US21980,"Fallon, NV Micro Area",0.483026079,0.58857677,0.43121172,1.502814569
310M300US22020,"Fargo, ND-MN Metro Area",0.576108145,0.564163293,0.413711468,1.553982906
310M300US22060,"Faribault-Northfield, MN Micro Area",0.55104773,0.631334412,0.418850178,1.601232319
310M300US22100,"Farmington, MO Micro Area",0.457142157,0.525780984,0.435863213,1.418786354
310M300US22140,"Farmington, NM Metro Area",0.412241611,0.563373531,0.4168476,1.392462742
310M300US22180,"Fayetteville, NC Metro Area",0.414549915,0.474927713,0.423342942,1.31282057
310M300US22220,"Fayetteville-Springdale-Rogers, AR-MO Metro Area",0.511200568,0.593737043,0.444157705,1.549095316
310M300US22260,"Fergus Falls, MN Micro Area",0.544534248,0.624138987,0.440194511,1.608867746
310M300US22280,"Fernley, NV Micro Area",0.482519502,0.579970035,0.376341092,1.438830629
310M300US22300,"Findlay, OH Micro Area",0.540611861,0.607366093,0.257593418,1.405571372
310M300US22340,"Fitzgerald, GA Micro Area",0.316437701,0.465044885,0.439128594,1.22061118
310M300US22380,"Flagstaff, AZ Metro Area",0.444570187,0.491918477,0.447443553,1.383932217
310M300US22420,"Flint, MI Metro Area",0.383694937,0.571834997,0.289860408,1.245390342
310M300US22500,"Florence, SC Metro Area",0.369930786,0.588900058,0.441338325,1.40016917
310M300US22520,"Florence-Muscle Shoals, AL Metro Area",0.44877368,0.603856089,0.43545937,1.488089139
310M300US22540,"Fond du Lac, WI Metro Area",0.567164357,0.625672448,0.426129091,1.618965896
310M300US22580,"Forest City, NC Micro Area",0.385179576,0.555627261,0.435503126,1.376309963
310M300US22620,"Forrest City, AR Micro Area",0.30194984,0.518962569,0.439046107,1.259958516
310M300US22660,"Fort Collins, CO Metro Area",0.587950409,0.629205664,0.415040184,1.632196257
310M300US22700,"Fort Dodge, IA Micro Area",0.444159599,0.576815923,0.346864351,1.367839873
310M300US22780,"Fort Leonard Wood, MO Micro Area",0.507265525,0.432243674,0.441860387,1.381369586
310M300US22800,"Fort Madison-Keokuk, IA-IL-MO Micro Area",0.49060401,0.608631744,0.430986783,1.530222538
310M300US22820,"Fort Morgan, CO Micro Area",0.535658482,0.592280019,0.435619627,1.563558127
310M300US22840,"Fort Payne, AL Micro Area",0.405477339,0.603544082,0.453681613,1.462703033
310M300US22860,"Fort Polk South, LA Micro Area",0.47308857,0.491626639,0.453481798,1.418197007
310M300US22900,"Fort Smith, AR-OK Metro Area",0.404507257,0.535665448,0.426603384,1.366776089
310M300US23060,"Fort Wayne, IN Metro Area",0.504975509,0.597302117,0.39461864,1.496896266
310M300US23140,"Frankfort, IN Micro Area",0.527968232,0.576858734,0.292887609,1.397714575
310M300US23180,"Frankfort, KY Micro Area",0.530616605,0.5750816,0.382055081,1.487753286
310M300US23240,"Fredericksburg, TX Micro Area",0.506314808,0.637230783,0.469344383,1.612889974
310M300US23300,"Freeport, IL Micro Area",0.449778573,0.563913408,0.264275313,1.277967293
310M300US23340,"Fremont, NE Micro Area",0.526389179,0.557942991,0.406456308,1.490788478
310M300US23380,"Fremont, OH Micro Area",0.514969534,0.566042849,0.352942235,1.433954617
310M300US23420,"Fresno, CA Metro Area",0.364158566,0.52711757,0.498515121,1.389791257
310M300US23460,"Gadsden, AL Metro Area",0.418703261,0.593026999,0.460379875,1.472110135
310M300US23500,"Gaffney, SC Micro Area",0.356840161,0.591469141,0.448080044,1.396389346
310M300US23540,"Gainesville, FL Metro Area",0.402815777,0.526546197,0.381108746,1.310470721
310M300US23580,"Gainesville, GA Metro Area",0.492345817,0.572091779,0.471254111,1.535691707
310M300US23620,"Gainesville, TX Micro Area",0.52713665,0.561105733,0.438073286,1.526315669
310M300US23660,"Galesburg, IL Micro Area",0.449290512,0.559467753,0.43355418,1.442312446
310M300US23700,"Gallup, NM Micro Area",0.170161367,0.533142113,0.397387165,1.100690645
310M300US23780,"Garden City, KS Micro Area",0.485534983,0.531386566,0.442469229,1.459390778
310M300US23820,"Gardnerville Ranchos, NV Micro Area",0.562291154,0.602979059,0.396755674,1.562025888
310M300US23860,"Georgetown, SC Micro Area",0.390498346,0.626957928,0.400569756,1.41802603
310M300US23900,"Gettysburg, PA Metro Area",0.584412832,0.636001772,0.478844518,1.699259122
310M300US23940,"Gillette, WY Micro Area",0.633794721,0.568658125,0.463849494,1.66630234
310M300US23980,"Glasgow, KY Micro Area",0.393646389,0.563262242,0.421271327,1.378179959
310M300US24020,"Glens Falls, NY Metro Area",0.524539246,0.554562571,0.374627657,1.453729474
310M300US24060,"Glenwood Springs, CO Micro Area",0.586953529,0.591914318,0.488461739,1.667329586
310M300US24100,"Gloversville, NY Micro Area",0.461736192,0.536065564,0.372646498,1.370448253
310M300US24140,"Goldsboro, NC Metro Area",0.396154781,0.524202088,0.454781305,1.375138174
310M300US24220,"Grand Forks, ND-MN Metro Area",0.521656848,0.541371227,0.410131802,1.473159877
310M300US24260,"Grand Island, NE Metro Area",0.529962351,0.571731454,0.445264363,1.546958168
310M300US24300,"Grand Junction, CO Metro Area",0.472119273,0.610797802,0.419635568,1.502552643
310M300US24330,"Grand Rapids, MN Micro Area",0.499955024,0.619343921,0.43997518,1.559274124
310M300US24340,"Grand Rapids-Wyoming, MI Metro Area",0.53197186,0.622111678,0.274739724,1.428823263
310M300US24380,"Grants, NM Micro Area",0.283351039,0.47797196,0.444691934,1.206014933
310M300US24420,"Grants Pass, OR Metro Area",0.384574464,0.622598663,0.388031558,1.395204685
310M300US24460,"Great Bend, KS Micro Area",0.480957009,0.550371326,0.397082544,1.42841088
310M300US24500,"Great Falls, MT Metro Area",0.4910806,0.574455462,0.394522556,1.460058618
310M300US24540,"Greeley, CO Metro Area",0.56493976,0.649816402,0.450479573,1.665235734
310M300US24580,"Green Bay, WI Metro Area",0.547172011,0.602424122,0.433260645,1.582856777
310M300US24620,"Greeneville, TN Micro Area",0.409968449,0.543312748,0.410090074,1.363371271
310M300US24640,"Greenfield Town, MA Micro Area",0.524850653,0.626184437,0.39569282,1.546727911
310M300US24660,"Greensboro-High Point, NC Metro Area",0.449767732,0.554328634,0.460834289,1.464930654
310M300US24700,"Greensburg, IN Micro Area",0.552774609,0.56010467,0.412049569,1.524928847
310M300US24740,"Greenville, MS Micro Area",0.178210516,0.419667766,0.449998942,1.047877225
310M300US24780,"Greenville, NC Metro Area",0.36792702,0.501663644,0.460211478,1.329802143
310M300US24820,"Greenville, OH Micro Area",0.523743819,0.623714883,0.30901029,1.456468993
310M300US24860,"Greenville-Anderson-Mauldin, SC Metro Area",0.479259169,0.605634284,0.454931284,1.539824737
310M300US24900,"Greenwood, MS Micro Area",0.219845125,0.505878489,0.455911602,1.181635215
310M300US24940,"Greenwood, SC Micro Area",0.349693374,0.559292814,0.42130412,1.330290309
310M300US24980,"Grenada, MS Micro Area",0.313201576,0.482069291,0.437871742,1.233142608
310M300US25060,"Gulfport-Biloxi-Pascagoula, MS Metro Area",0.435868856,0.484787154,0.432116932,1.352772941
310M300US25100,"Guymon, OK Micro Area",0.498116391,0.537271303,0.416450232,1.451837925
310M300US25180,"Hagerstown-Martinsburg, MD-WV Metro Area",0.522448533,0.575309659,0.444307822,1.542066014
310M300US25200,"Hailey, ID Micro Area",0.520177576,0.520208374,0.499159219,1.53954517
310M300US25220,"Hammond, LA Metro Area",0.407131701,0.527706537,0.429289491,1.364127729
310M300US25260,"Hanford-Corcoran, CA Metro Area",0.416009904,0.518059405,0.494403055,1.428472364
310M300US25300,"Hannibal, MO Micro Area",0.466062711,0.56486638,0.44478277,1.475711861
310M300US25420,"Harrisburg-Carlisle, PA Metro Area",0.568247499,0.591558762,0.467126598,1.626932859
310M300US25460,"Harrison, AR Micro Area",0.451503807,0.634016027,0.452112937,1.537632772
310M300US25500,"Harrisonburg, VA Metro Area",0.501331817,0.545883751,0.476806156,1.524021723
310M300US25540,"Hartford-West Hartford-East Hartford, CT Metro Area",0.564511509,0.605043086,0.441237343,1.610791938
310M300US25580,"Hastings, NE Micro Area",0.511438244,0.595506498,0.454222005,1.561166747
310M300US25620,"Hattiesburg, MS Metro Area",0.382387845,0.494504743,0.426061066,1.302953654
310M300US25700,"Hays, KS Micro Area",0.492955959,0.53867105,0.413610532,1.445237541
310M300US25720,"Heber, UT Micro Area",0.666083547,0.572114441,0.4879027,1.726100689
310M300US25740,"Helena, MT Micro Area",0.590742315,0.610271343,0.459447377,1.660461036
310M300US25760,"Helena-West Helena, AR Micro Area",0.181180434,0.463225345,0.431547528,1.075953307
310M300US25780,"Henderson, NC Micro Area",0.299178116,0.488505077,0.457972112,1.245655305
310M300US25820,"Hereford, TX Micro Area",0.509278405,0.529561649,0.459329607,1.498169662
310M300US25840,"Hermiston-Pendleton, OR Micro Area",0.44919136,0.555569392,0.46889846,1.473659212
310M300US25860,"Hickory-Lenoir-Morganton, NC Metro Area",0.436283099,0.580648974,0.450949847,1.46788192
310M300US25880,"Hillsdale, MI Micro Area",0.453630628,0.599258124,0.366337417,1.419226169
310M300US25900,"Hilo, HI Micro Area",0.475065129,0.545169253,0.532467844,1.552702226
310M300US25940,"Hilton Head Island-Bluffton-Beaufort, SC Metro Area",0.487473225,0.592632574,0.449930101,1.5300359
310M300US25980,"Hinesville, GA Metro Area",0.423261153,0.429818945,0.427900151,1.280980249
310M300US26020,"Hobbs, NM Micro Area",0.495718601,0.54632794,0.483070395,1.525116936
310M300US26090,"Holland, MI Micro Area",0.563661443,0.661057937,0.277394602,1.502113982
310M300US26140,"Homosassa Springs, FL Metro Area",0.40348859,0.626614718,0.458037162,1.48814047
310M300US26220,"Hood River, OR Micro Area",0.549454036,0.632029002,0.438429661,1.619912698
310M300US26260,"Hope, AR Micro Area",0.40349939,0.544923597,0.464243075,1.412666062
310M300US26300,"Hot Springs, AR Metro Area",0.400562007,0.58030244,0.462581174,1.443445621
310M300US26340,"Houghton, MI Micro Area",0.412818601,0.587545325,0.29688726,1.297251187
310M300US26380,"Houma-Thibodaux, LA Metro Area",0.463154812,0.563245174,0.421050445,1.447450431
310M300US26420,"Houston-The Woodlands-Sugar Land, TX Metro Area",0.497827336,0.548996915,0.462917326,1.509741577
310M300US26460,"Hudson, NY Micro Area",0.531831427,0.563800488,0.426751854,1.522383769
310M300US26500,"Huntingdon, PA Micro Area",0.477530289,0.570527402,0.447060515,1.495118206
310M300US26540,"Huntington, IN Micro Area",0.551130374,0.623405122,0.394662322,1.569197818
310M300US26580,"Huntington-Ashland, WV-KY-OH Metro Area",0.429888883,0.564174119,0.401475876,1.395538877
310M300US26620,"Huntsville, AL Metro Area",0.515238974,0.622964556,0.455631583,1.593835113
310M300US26660,"Huntsville, TX Micro Area",0.410251734,0.488526697,0.440943386,1.339721817
310M300US26700,"Huron, SD Micro Area",0.480828394,0.602968573,0.441969853,1.52576682
310M300US26740,"Hutchinson, KS Micro Area",0.497534513,0.564968489,0.43756815,1.500071151
310M300US26780,"Hutchinson, MN Micro Area",0.579153946,0.661369449,0.399457199,1.639980594
310M300US26820,"Idaho Falls, ID Metro Area",0.519279434,0.624387176,0.486074915,1.629741526
310M300US26860,"Indiana, PA Micro Area",0.434451245,0.597640151,0.449076191,1.481167586
310M300US26900,"Indianapolis-Carmel-Anderson, IN Metro Area",0.510596659,0.569882204,0.423374001,1.503852865
310M300US26940,"Indianola, MS Micro Area",0.165599338,0.460301701,0.459685672,1.085586711
310M300US26960,"Ionia, MI Micro Area",0.509195383,0.630164423,0.256440147,1.395799953
310M300US26980,"Iowa City, IA Metro Area",0.541828311,0.60743685,0.425424386,1.574689547
310M300US27020,"Iron Mountain, MI-WI Micro Area",0.477916666,0.574625099,0.357417222,1.409958987
310M300US27060,"Ithaca, NY Metro Area",0.478672921,0.5337607,0.377590418,1.39002404
310M300US27100,"Jackson, MI Metro Area",0.46205948,0.580151069,0.241065551,1.2832761
310M300US27140,"Jackson, MS Metro Area",0.431058336,0.550776701,0.45416444,1.435999477
310M300US27160,"Jackson, OH Micro Area",0.393152298,0.550480923,0.322375753,1.266008973
310M300US27180,"Jackson, TN Metro Area",0.421106147,0.528918993,0.376022105,1.326047245
310M300US27220,"Jackson, WY-ID Micro Area",0.674288786,0.531413936,0.510255131,1.715957853
310M300US27260,"Jacksonville, FL Metro Area",0.495510646,0.568466992,0.444722166,1.508699804
310M300US27300,"Jacksonville, IL Micro Area",0.468436803,0.584173777,0.451498349,1.50410893
310M300US27340,"Jacksonville, NC Metro Area",0.46465686,0.464074501,0.440745976,1.369477338
310M300US27380,"Jacksonville, TX Micro Area",0.411961553,0.571382693,0.422788379,1.406132626
310M300US27420,"Jamestown, ND Micro Area",0.59097021,0.551629884,0.405369699,1.547969794
310M300US27460,"Jamestown-Dunkirk-Fredonia, NY Micro Area",0.427911595,0.547170691,0.379510067,1.354592352
310M300US27500,"Janesville-Beloit, WI Metro Area",0.503479674,0.579089698,0.43247561,1.515044982
310M300US27540,"Jasper, IN Micro Area",0.569534114,0.646626011,0.308815591,1.524975716
310M300US27600,"Jefferson, GA Micro Area",0.503658143,0.62330898,0.483312576,1.610279699
310M300US27620,"Jefferson City, MO Metro Area",0.529470388,0.571287572,0.465367889,1.566125849
310M300US27660,"Jennings, LA Micro Area",0.372882272,0.560604764,0.431932587,1.365419624
310M300US27700,"Jesup, GA Micro Area",0.380876761,0.538348041,0.461125023,1.380349826
310M300US27740,"Johnson City, TN Metro Area",0.413879901,0.530597482,0.409425467,1.353902851
310M300US27780,"Johnstown, PA Metro Area",0.451738367,0.590812533,0.430869584,1.473420484
310M300US27860,"Jonesboro, AR Metro Area",0.449742375,0.506785115,0.44760921,1.4041367
310M300US27900,"Joplin, MO Metro Area",0.477438478,0.57542273,0.390100514,1.442961722
310M300US27920,"Junction City, KS Micro Area",0.504310817,0.435168087,0.417513006,1.35699191
310M300US27940,"Juneau, AK Micro Area",0.698329272,0.531961657,0.435371656,1.665662585
310M300US27980,"Kahului-Wailuku-Lahaina, HI Metro Area",0.613557456,0.507235525,0.403381663,1.524174645
310M300US28020,"Kalamazoo-Portage, MI Metro Area",0.47468882,0.573324432,0.290795381,1.338808632
310M300US28060,"Kalispell, MT Micro Area",0.503540945,0.617259797,0.45878337,1.579584112
310M300US28100,"Kankakee, IL Metro Area",0.483478636,0.555096368,0.445278174,1.483853178
310M300US28140,"Kansas City, MO-KS Metro Area",0.54839533,0.562010825,0.454400783,1.564806939
310M300US28180,"Kapaa, HI Micro Area",0.605892692,0.542042236,0.375339107,1.523274034
310M300US28260,"Kearney, NE Micro Area",0.531448864,0.591908394,0.425817753,1.549175011
310M300US28300,"Keene, NH Micro Area",0.544135732,0.548313677,0.399547702,1.491997111
310M300US28340,"Kendallville, IN Micro Area",0.531984663,0.568474425,0.413213794,1.513672882
310M300US28380,"Kennett, MO Micro Area",0.333066283,0.490871402,0.447203673,1.271141358
310M300US28420,"Kennewick-Richland, WA Metro Area",0.535318277,0.59759327,0.422707634,1.555619181
310M300US28500,"Kerrville, TX Micro Area",0.485016553,0.54725279,0.459274995,1.491544338
310M300US28540,"Ketchikan, AK Micro Area",0.594152356,0.470100147,0.475155227,1.53940773
310M300US28580,"Key West, FL Micro Area",0.570237575,0.495761953,0.391851498,1.457851027
310M300US28620,"Kill Devil Hills, NC Micro Area",0.531043893,0.491031692,0.487787075,1.50986266
310M300US28660,"Killeen-Temple, TX Metro Area",0.48475064,0.48528378,0.425519947,1.395554366
310M300US28700,"Kingsport-Bristol-Bristol, TN-VA Metro Area",0.430646769,0.562084432,0.426951792,1.419682994
310M300US28740,"Kingston, NY Metro Area",0.500640925,0.577926983,0.404489182,1.483057089
310M300US28780,"Kingsville, TX Micro Area",0.383652824,0.469007775,0.781308131,1.633968729
310M300US28820,"Kinston, NC Micro Area",0.336473948,0.490423599,0.462974846,1.289872393
310M300US28860,"Kirksville, MO Micro Area",0.384772144,0.534674197,0.436030515,1.355476856
310M300US28900,"Klamath Falls, OR Micro Area",0.421324287,0.564634877,0.434961481,1.420920646
310M300US28940,"Knoxville, TN Metro Area",0.46997729,0.566207511,0.427237363,1.463422164
310M300US29020,"Kokomo, IN Metro Area",0.478477625,0.547082778,0.297062814,1.322623216
310M300US29060,"Laconia, NH Micro Area",0.566824002,0.551651229,0.431155662,1.549630892
310M300US29100,"La Crosse-Onalaska, WI-MN Metro Area",0.5285507,0.62178725,0.465439845,1.615777795
310M300US29180,"Lafayette, LA Metro Area",0.450714065,0.558259709,0.450132024,1.459105798
310M300US29200,"Lafayette-West Lafayette, IN Metro Area",0.485011367,0.554322302,0.384221998,1.423555667
310M300US29260,"La Grande, OR Micro Area",0.444762322,0.574592195,0.418102494,1.437457011
310M300US29300,"LaGrange, GA Micro Area",0.382950163,0.476032512,0.4651799,1.324162574
310M300US29340,"Lake Charles, LA Metro Area",0.476281498,0.559128599,0.447977481,1.483387578
310M300US29380,"Lake City, FL Micro Area",0.39856408,0.566616787,0.40348875,1.368669618
310M300US29420,"Lake Havasu City-Kingman, AZ Metro Area",0.394999054,0.518080858,0.42362217,1.336702083
310M300US29460,"Lakeland-Winter Haven, FL Metro Area",0.443306667,0.546169834,0.444878146,1.434354646
310M300US29500,"Lamesa, TX Micro Area",0.378675021,0.519145581,0.451914238,1.34973484
310M300US29540,"Lancaster, PA Metro Area",0.565152361,0.620536268,0.462705085,1.648393714
310M300US29620,"Lansing-East Lansing, MI Metro Area",0.48680766,0.578177555,0.257828713,1.322813928
310M300US29660,"Laramie, WY Micro Area",0.450083127,0.534671417,0.517644043,1.502398588
310M300US29700,"Laredo, TX Metro Area",0.307519782,0.528409433,0.454235324,1.290164538
310M300US29740,"Las Cruces, NM Metro Area",0.32482296,0.578201903,0.487937511,1.390962374
310M300US29780,"Las Vegas, NM Micro Area",0.280783069,0.400901619,0.413518978,1.095203665
310M300US29820,"Las Vegas-Henderson-Paradise, NV Metro Area",0.484175019,0.484976239,0.491180358,1.460331617
310M300US29860,"Laurel, MS Micro Area",0.35890874,0.573446285,0.436775461,1.369130486
310M300US29900,"Laurinburg, NC Micro Area",0.271053919,0.474056647,0.474605882,1.219716448
310M300US29940,"Lawrence, KS Metro Area",0.502799415,0.519402995,0.440779861,1.462982271
310M300US29980,"Lawrenceburg, TN Micro Area",0.420268216,0.572408844,0.397441509,1.390118569
310M300US30020,"Lawton, OK Metro Area",0.454225954,0.449177298,0.398808103,1.302211355
310M300US30060,"Lebanon, MO Micro Area",0.439589085,0.566046463,0.428606294,1.434241842
310M300US30140,"Lebanon, PA Metro Area",0.551931736,0.602365425,0.482186529,1.63648369
310M300US30220,"Levelland, TX Micro Area",0.459037722,0.548518282,0.440252265,1.447808269
310M300US30260,"Lewisburg, PA Micro Area",0.529760365,0.570180947,0.453844018,1.55378533
310M300US30280,"Lewisburg, TN Micro Area",0.473231017,0.544294813,0.417018359,1.434544188
310M300US30300,"Lewiston, ID-WA Metro Area",0.525346421,0.568961859,0.430148098,1.524456378
310M300US30340,"Lewiston-Auburn, ME Metro Area",0.497524143,0.559786255,0.435016023,1.492326421
310M300US30380,"Lewistown, PA Micro Area",0.505109596,0.570485668,0.431401283,1.506996547
310M300US30420,"Lexington, NE Micro Area",0.519380191,0.541214233,0.462107775,1.5227022
310M300US30460,"Lexington-Fayette, KY Metro Area",0.486333261,0.549818451,0.402306381,1.438458094
310M300US30580,"Liberal, KS Micro Area",0.42124592,0.517846316,0.388681764,1.327774001
310M300US30620,"Lima, OH Metro Area",0.463950727,0.553943056,0.297562211,1.315455995
310M300US30660,"Lincoln, IL Micro Area",0.561606159,0.612612359,0.439847587,1.614066106
310M300US30700,"Lincoln, NE Metro Area",0.543398939,0.568829812,0.435792448,1.548021198
310M300US30780,"Little Rock-North Little Rock-Conway, AR Metro Area",0.490420325,0.58418852,0.460744824,1.535353669
310M300US30820,"Lock Haven, PA Micro Area",0.474037515,0.555793054,0.465519178,1.495349747
310M300US30860,"Logan, UT-ID Metro Area",0.505764028,0.604894632,0.427101089,1.53775975
310M300US30880,"Logan, WV Micro Area",0.328540159,0.533532889,0.410816996,1.272890043
310M300US30900,"Logansport, IN Micro Area",0.476956413,0.571605006,0.389673635,1.438235054
310M300US30940,"London, KY Micro Area",0.302792099,0.582464885,0.426805474,1.312062458
310M300US30980,"Longview, TX Metro Area",0.470249354,0.527108036,0.444362334,1.441719724
310M300US31020,"Longview, WA Metro Area",0.457382655,0.570724751,0.411916459,1.440023864
310M300US31060,"Los Alamos, NM Micro Area",0.774798033,0.650411184,0.318067241,1.743276458
310M300US31080,"Los Angeles-Long Beach-Anaheim, CA Metro Area",0.532257733,0.543857528,0.584845204,1.660960464
310M300US31140,"Louisville/Jefferson County, KY-IN Metro Area",0.50522141,0.574780429,0.429541889,1.509543729
310M300US31180,"Lubbock, TX Metro Area",0.457791988,0.479575175,0.434936767,1.372303929
310M300US31220,"Ludington, MI Micro Area",0.423878004,0.570069059,0.270687328,1.264634391
310M300US31260,"Lufkin, TX Micro Area",0.433214225,0.503733537,0.414867462,1.351815224
310M300US31300,"Lumberton, NC Micro Area",0.285711831,0.505785002,0.430644546,1.222141379
310M300US31340,"Lynchburg, VA Metro Area",0.503269044,0.58039186,0.415655157,1.499316061
310M300US31380,"Macomb, IL Micro Area",0.406088619,0.549070146,0.416377658,1.371536423
310M300US31420,"Macon-Bibb County, GA Metro Area",0.338590789,0.50309887,0.465129828,1.306819488
310M300US31460,"Madera, CA Metro Area",0.407552001,0.587780316,0.482373067,1.477705384
310M300US31500,"Madison, IN Micro Area",0.508638202,0.552641357,0.414563077,1.475842636
310M300US31540,"Madison, WI Metro Area",0.59219068,0.600444491,0.447970573,1.640605744
310M300US31580,"Madisonville, KY Micro Area",0.46034567,0.558718775,0.419429258,1.438493703
310M300US31620,"Magnolia, AR Micro Area",0.330588644,0.629031085,0.469703509,1.429323238
310M300US31660,"Malone, NY Micro Area",0.424859919,0.517082452,0.411383851,1.353326222
310M300US31680,"Malvern, AR Micro Area",0.435894126,0.542532577,0.455291231,1.433717933
310M300US31700,"Manchester-Nashua, NH Metro Area",0.621983504,0.552827359,0.410864877,1.58567574
310M300US31740,"Manhattan, KS Metro Area",0.500844722,0.515713017,0.420597057,1.437154795
310M300US31820,"Manitowoc, WI Micro Area",0.552685783,0.638722982,0.366176007,1.557584771
310M300US31860,"Mankato-North Mankato, MN Metro Area",0.5268528,0.608022329,0.397343848,1.532218977
310M300US31900,"Mansfield, OH Metro Area",0.450369199,0.572453725,0.333818812,1.356641736
310M300US31930,"Marietta, OH Micro Area",0.47719886,0.586922893,0.348610613,1.412732366
310M300US31940,"Marinette, WI-MI Micro Area",0.487142889,0.531308168,0.387785636,1.406236694
310M300US31980,"Marion, IN Micro Area",0.456228344,0.513691273,0.397292251,1.367211868
310M300US32000,"Marion, NC Micro Area",0.41744928,0.539434239,0.450002055,1.406885574
310M300US32020,"Marion, OH Micro Area",0.446398086,0.563406148,0.318830507,1.32863474
310M300US32100,"Marquette, MI Micro Area",0.474606415,0.566919686,0.328549246,1.370075347
310M300US32140,"Marshall, MN Micro Area",0.5100397,0.615845983,0.404030655,1.529916338
310M300US32180,"Marshall, MO Micro Area",0.460335885,0.524790481,0.428158568,1.413284934
310M300US32220,"Marshall, TX Micro Area",0.437904686,0.589744608,0.415278806,1.442928099
310M300US32260,"Marshalltown, IA Micro Area",0.54544056,0.610502017,0.343656962,1.499599539
310M300US32280,"Martin, TN Micro Area",0.405551611,0.53467865,0.411760415,1.351990676
310M300US32300,"Martinsville, VA Micro Area",0.374008932,0.531797467,0.446035698,1.351842098
310M300US32340,"Maryville, MO Micro Area",0.434148259,0.526456241,0.4555543,1.416158801
310M300US32380,"Mason City, IA Micro Area",0.525478524,0.606030277,0.399656769,1.53116557
310M300US32460,"Mayfield, KY Micro Area",0.409850731,0.596982813,0.423056946,1.42989049
310M300US32500,"Maysville, KY Micro Area",0.405504896,0.550688977,0.405992535,1.362186408
310M300US32540,"McAlester, OK Micro Area",0.447815948,0.510587258,0.411411684,1.36981489
310M300US32580,"McAllen-Edinburg-Mission, TX Metro Area",0.273728727,0.530004719,0.404487694,1.20822114
310M300US32620,"McComb, MS Micro Area",0.266790317,0.53503794,0.460975367,1.262803625
310M300US32660,"McMinnville, TN Micro Area",0.389356823,0.535559567,0.43072139,1.355637781
310M300US32700,"McPherson, KS Micro Area",0.59743955,0.606715303,0.432366539,1.636521392
310M300US32740,"Meadville, PA Micro Area",0.477546321,0.556422499,0.458442499,1.492411319
310M300US32780,"Medford, OR Metro Area",0.449619275,0.590421107,0.423177051,1.463217432
310M300US32820,"Memphis, TN-MS-AR Metro Area",0.421129958,0.516479648,0.433719939,1.371329544
310M300US32860,"Menomonie, WI Micro Area",0.52518909,0.621647973,0.441195571,1.588032634
310M300US32900,"Merced, CA Metro Area",0.33800213,0.529442335,0.467317255,1.33476172
310M300US32940,"Meridian, MS Micro Area",0.365919434,0.50453831,0.436985872,1.307443616
310M300US32980,"Merrill, WI Micro Area",0.568722042,0.593873,0.398215355,1.560810397
310M300US33020,"Mexico, MO Micro Area",0.436806637,0.564768554,0.429640069,1.43121526
310M300US33060,"Miami, OK Micro Area",0.395651791,0.523072195,0.386592277,1.305316264
310M300US33100,"Miami-Fort Lauderdale-West Palm Beach, FL Metro Area",0.438067509,0.530653087,0.454023234,1.42274383
310M300US33140,"Michigan City-La Porte, IN Metro Area",0.460762271,0.570640598,0.422686619,1.454089489
310M300US33180,"Middlesborough, KY Micro Area",0.209131504,0.49931229,0.395227814,1.103671609
310M300US33220,"Midland, MI Metro Area",0.509698152,0.646490777,0.268833435,1.425022363
310M300US33260,"Midland, TX Metro Area",0.609022809,0.546032084,0.446195838,1.601250731
310M300US33300,"Milledgeville, GA Micro Area",0.305941688,0.454203547,0.45668672,1.216831955
310M300US33340,"Milwaukee-Waukesha-West Allis, WI Metro Area",0.50334319,0.585175295,0.405125036,1.493643522
310M300US33420,"Mineral Wells, TX Micro Area",0.421691659,0.488606577,0.492664812,1.402963048
310M300US33460,"Minneapolis-St. Paul-Bloomington, MN-WI Metro Area",0.608320002,0.640607287,0.473616608,1.722543897
310M300US33500,"Minot, ND Micro Area",0.631430849,0.561968227,0.425004412,1.618403488
310M300US33540,"Missoula, MT Metro Area",0.474505873,0.569800905,0.49309628,1.537403058
310M300US33580,"Mitchell, SD Micro Area",0.540830729,0.559785049,0.415257963,1.515873741
310M300US33620,"Moberly, MO Micro Area",0.448159122,0.560480906,0.420828199,1.429468227
310M300US33660,"Mobile, AL Metro Area",0.421708028,0.586459624,0.423999718,1.43216737
310M300US33700,"Modesto, CA Metro Area",0.432150738,0.56557058,0.490107138,1.487828455
310M300US33740,"Monroe, LA Metro Area",0.368423751,0.532301196,0.420157731,1.320882677
310M300US33780,"Monroe, MI Metro Area",0.541379746,0.640405608,0.293800826,1.47558618
310M300US33860,"Montgomery, AL Metro Area",0.446584028,0.581401449,0.46481409,1.492799566
310M300US33940,"Montrose, CO Micro Area",0.446284862,0.641679524,0.419601372,1.507565758
310M300US33980,"Morehead City, NC Micro Area",0.474968405,0.522117094,0.377483786,1.374569284
310M300US34020,"Morgan City, LA Micro Area",0.422461251,0.521834142,0.438374045,1.382669439
310M300US34060,"Morgantown, WV Metro Area",0.451256592,0.537698701,0.392982564,1.381937857
310M300US34100,"Morristown, TN Metro Area",0.434319081,0.554475969,0.449747926,1.438542975
310M300US34140,"Moscow, ID Micro Area",0.422217664,0.545727801,0.392616262,1.360561727
310M300US34180,"Moses Lake, WA Micro Area",0.471672909,0.570883075,0.429122721,1.471678705
310M300US34220,"Moultrie, GA Micro Area",0.34829796,0.483680183,0.460458792,1.292436936
310M300US34260,"Mountain Home, AR Micro Area",0.457308517,0.608242483,0.440651547,1.506202548
310M300US34300,"Mountain Home, ID Micro Area",0.482022344,0.513465566,0.428043475,1.423531385
310M300US34340,"Mount Airy, NC Micro Area",0.426673191,0.585178241,0.451979314,1.463830746
310M300US34380,"Mount Pleasant, MI Micro Area",0.368656491,0.505237949,0.272662708,1.146557148
310M300US34420,"Mount Pleasant, TX Micro Area",0.422958397,0.534631013,0.346001149,1.303590559
310M300US34460,"Mount Sterling, KY Micro Area",0.38398364,0.543283537,0.427399248,1.354666425
310M300US34500,"Mount Vernon, IL Micro Area",0.400585287,0.585083836,0.428048508,1.41371763
310M300US34540,"Mount Vernon, OH Micro Area",0.505744285,0.61792911,0.332255241,1.455928636
310M300US34580,"Mount Vernon-Anacortes, WA Metro Area",0.518488136,0.604588462,0.428871491,1.551948088
310M300US34620,"Muncie, IN Metro Area",0.41050429,0.513580054,0.307748792,1.231833135
310M300US34660,"Murray, KY Micro Area",0.399121865,0.542744679,0.416879099,1.358745643
310M300US34700,"Muscatine, IA Micro Area",0.547765589,0.600265369,0.4088583,1.556889258
310M300US34740,"Muskegon, MI Metro Area",0.433278418,0.588901842,0.299542358,1.321722618
310M300US34780,"Muskogee, OK Micro Area",0.39623053,0.508825952,0.379411594,1.284468076
310M300US34820,"Myrtle Beach-Conway-North Myrtle Beach, SC-NC Metro Area",0.456836331,0.554130222,0.44611738,1.457083933
310M300US34860,"Nacogdoches, TX Micro Area",0.348872609,0.474263128,0.438672458,1.261808195
310M300US34900,"Napa, CA Metro Area",0.662012779,0.590368307,0.448347796,1.700728882
310M300US34940,"Naples-Immokalee-Marco Island, FL Metro Area",0.526942099,0.569268007,0.45192863,1.548138736
310M300US34980,"Nashville-Davidson--Murfreesboro--Franklin, TN Metro Area",0.533366061,0.566561475,0.443421233,1.543348769
310M300US35020,"Natchez, MS-LA Micro Area",0.22311033,0.498300545,0.459707614,1.181118488
310M300US35060,"Natchitoches, LA Micro Area",0.231602387,0.465012173,0.428131525,1.124746085
310M300US35100,"New Bern, NC Metro Area",0.451224861,0.558082218,0.452107787,1.461414865
310M300US35140,"Newberry, SC Micro Area",0.404020865,0.594994505,0.418365465,1.417380836
310M300US35220,"New Castle, IN Micro Area",0.461335687,0.561807246,0.375400347,1.39854328
310M300US35260,"New Castle, PA Micro Area",0.455770844,0.592404827,0.439907746,1.488083417
310M300US35300,"New Haven-Milford, CT Metro Area",0.520854516,0.568812539,0.414064925,1.503731979
310M300US35380,"New Orleans-Metairie, LA Metro Area",0.435838061,0.534909133,0.440386941,1.411134135
310M300US35420,"New Philadelphia-Dover, OH Micro Area",0.506712718,0.61033285,0.375219678,1.492265246
310M300US35440,"Newport, OR Micro Area",0.439720207,0.506033088,0.415933371,1.361686666
310M300US35460,"Newport, TN Micro Area",0.313191083,0.50102058,0.398353933,1.212565596
310M300US35500,"Newton, IA Micro Area",0.567161061,0.640764131,0.451794175,1.659719367
310M300US35580,"New Ulm, MN Micro Area",0.578865218,0.659944718,0.409672571,1.648482508
310M300US35620,"New York-Newark-Jersey City, NY-NJ-PA Metro Area",0.533969996,0.557431964,0.487279956,1.578681916
310M300US35660,"Niles-Benton Harbor, MI Metro Area",0.437872566,0.565609796,0.282249859,1.285732221
310M300US35700,"Nogales, AZ Micro Area",0.327863583,0.594694012,0.396639686,1.319197281
310M300US35740,"Norfolk, NE Micro Area",0.523309587,0.59653787,0.420352379,1.540199835
310M300US35820,"North Platte, NE Micro Area",0.54819856,0.570723539,0.504531909,1.623454008
310M300US35840,"North Port-Sarasota-Bradenton, FL Metro Area",0.513652431,0.595495809,0.464374542,1.573522782
310M300US35860,"North Vernon, IN Micro Area",0.495047905,0.561467506,0.445451628,1.50196704
310M300US35900,"North Wilkesboro, NC Micro Area",0.384878927,0.589946777,0.448043896,1.422869601
310M300US35940,"Norwalk, OH Micro Area",0.493131344,0.591368109,0.381490878,1.465990332
310M300US35980,"Norwich-New London, CT Metro Area",0.566712561,0.572396174,0.431082693,1.570191428
310M300US36020,"Oak Harbor, WA Micro Area",0.566458832,0.607121205,0.443909381,1.617489418
310M300US36100,"Ocala, FL Metro Area",0.415565312,0.592588252,0.403785345,1.411938909
310M300US36140,"Ocean City, NJ Metro Area",0.511413742,0.531434434,0.385605093,1.428453269
310M300US36220,"Odessa, TX Metro Area",0.506004618,0.507629761,0.425092013,1.438726392
310M300US36260,"Ogden-Clearfield, UT Metro Area",0.599890666,0.622363162,0.498471741,1.720725569
310M300US36300,"Ogdensburg-Massena, NY Micro Area",0.419263023,0.531970218,0.367484564,1.318717805
310M300US36340,"Oil City, PA Micro Area",0.473284743,0.566779089,0.457296898,1.49736073
310M300US36380,"Okeechobee, FL Micro Area",0.386600065,0.554388628,0.438372129,1.379360822
310M300US36420,"Oklahoma City, OK Metro Area",0.501516176,0.546585107,0.434292791,1.482394075
310M300US36460,"Olean, NY Micro Area",0.457009701,0.54576488,0.399240581,1.402015162
310M300US36500,"Olympia-Tumwater, WA Metro Area",0.570973274,0.596659993,0.433418407,1.601051674
310M300US36540,"Omaha-Council Bluffs, NE-IA Metro Area",0.561198701,0.590559237,0.455400989,1.607158927
310M300US36580,"Oneonta, NY Micro Area",0.47358887,0.580092668,0.411534014,1.465215552
310M300US36620,"Ontario, OR-ID Micro Area",0.400471036,0.563683732,0.437806293,1.401961061
310M300US36660,"Opelousas, LA Micro Area",0.327118844,0.551004757,0.434256141,1.312379741
310M300US36700,"Orangeburg, SC Micro Area",0.318516028,0.57465632,0.442910399,1.336082746
310M300US36740,"Orlando-Kissimmee-Sanford, FL Metro Area",0.477748763,0.540404239,0.467422164,1.485575166
310M300US36780,"Oshkosh-Neenah, WI Metro Area",0.539079531,0.590288095,0.39115466,1.520522286
310M300US36820,"Oskaloosa, IA Micro Area",0.46821242,0.605873693,0.451170508,1.525256621
310M300US36830,"Othello, WA Micro Area",0.422206238,0.566106085,0.395320702,1.383633025
310M300US36840,"Ottawa, KS Micro Area",0.52300467,0.587787185,0.418007899,1.528799754
310M300US36860,"Ottawa-Peru, IL Micro Area",0.496469507,0.612946679,0.374636971,1.484053158
310M300US36900,"Ottumwa, IA Micro Area",0.467150925,0.605384537,0.40043104,1.472966501
310M300US36940,"Owatonna, MN Micro Area",0.561565604,0.672293646,0.4300883,1.66394755
310M300US36980,"Owensboro, KY Metro Area",0.47613301,0.596495162,0.419444034,1.492072206
310M300US37020,"Owosso, MI Micro Area",0.502891268,0.629193384,0.309334396,1.441419047
310M300US37060,"Oxford, MS Micro Area",0.412456122,0.492814926,0.4244887,1.329759747
310M300US37080,"Oxford, NC Micro Area",0.489589915,0.57260711,0.451657316,1.513854341
310M300US37100,"Oxnard-Thousand Oaks-Ventura, CA Metro Area",0.643946866,0.601590779,0.460602785,1.70614043
310M300US37120,"Ozark, AL Micro Area",0.39945072,0.529225439,0.451900336,1.380576495
310M300US37140,"Paducah, KY-IL Micro Area",0.422511648,0.581147376,0.424710721,1.428369745
310M300US37220,"Pahrump, NV Micro Area",0.421435841,0.550023813,0.329171752,1.300631406
310M300US37260,"Palatka, FL Micro Area",0.302883176,0.542055627,0.406261799,1.251200601
310M300US37300,"Palestine, TX Micro Area",0.441884952,0.555950157,0.42076904,1.418604149
310M300US37340,"Palm Bay-Melbourne-Titusville, FL Metro Area",0.485425002,0.594611446,0.436186294,1.516222742
310M300US37420,"Pampa, TX Micro Area",0.487027255,0.536384489,0.449170906,1.472582651
310M300US37460,"Panama City, FL Metro Area",0.48239212,0.488789062,0.473600043,1.444781224
310M300US37500,"Paragould, AR Micro Area",0.49028992,0.584480883,0.439846671,1.514617475
310M300US37540,"Paris, TN Micro Area",0.38810022,0.549760315,0.418736325,1.35659686
310M300US37580,"Paris, TX Micro Area",0.431184036,0.496421929,0.430032649,1.357638614
310M300US37620,"Parkersburg-Vienna, WV Metro Area",0.45998637,0.581250804,0.40490099,1.446138164
310M300US37660,"Parsons, KS Micro Area",0.481588814,0.524681879,0.382391644,1.388662337
310M300US37740,"Payson, AZ Micro Area",0.368712547,0.515345371,0.495327777,1.379385695
310M300US37780,"Pecos, TX Micro Area",0.476373445,0.565337576,0.504604875,1.546315897
310M300US37800,"Pella, IA Micro Area",0.578682481,0.641781003,0.445291759,1.665755243
310M300US37860,"Pensacola-Ferry Pass-Brent, FL Metro Area",0.502559189,0.566105586,0.42917201,1.497836785
310M300US37900,"Peoria, IL Metro Area",0.519202847,0.616777258,0.457166103,1.593146208
310M300US37940,"Peru, IN Micro Area",0.463182419,0.555390756,0.378946403,1.397519578
310M300US37980,"Philadelphia-Camden-Wilmington, PA-NJ-DE-MD Metro Area",0.515394576,0.592749791,0.520005115,1.628149483
310M300US38060,"Phoenix-Mesa-Scottsdale, AZ Metro Area",0.506963925,0.544252068,0.50109552,1.552311514
310M300US38100,"Picayune, MS Micro Area",0.411370045,0.550979749,0.440032212,1.402382005
310M300US38180,"Pierre, SD Micro Area",0.601568506,0.616394467,0.447983724,1.665946698
310M300US38220,"Pine Bluff, AR Metro Area",0.359985949,0.500546885,0.444786871,1.305319705
310M300US38240,"Pinehurst-Southern Pines, NC Micro Area",0.500887206,0.628097337,0.461674922,1.590659465
310M300US38260,"Pittsburg, KS Micro Area",0.426417874,0.498233725,0.399768229,1.324419828
310M300US38300,"Pittsburgh, PA Metro Area",0.518370968,0.598626773,0.503726691,1.620724432
310M300US38340,"Pittsfield, MA Metro Area",0.50390592,0.571520239,0.430952135,1.506378294
310M300US38380,"Plainview, TX Micro Area",0.445301858,0.510291284,0.443277027,1.39887017
310M300US38420,"Platteville, WI Micro Area",0.503598348,0.600826206,0.429111065,1.533535619
310M300US38460,"Plattsburgh, NY Micro Area",0.490517994,0.542941681,0.361662567,1.395122241
310M300US38500,"Plymouth, IN Micro Area",0.508709341,0.616100608,0.398926565,1.523736515
310M300US38540,"Pocatello, ID Metro Area",0.457662391,0.579224623,0.421348928,1.458235942
310M300US38580,"Point Pleasant, WV-OH Micro Area",0.420586173,0.602535075,0.299472831,1.322594078
310M300US38620,"Ponca City, OK Micro Area",0.43625253,0.523024724,0.430072123,1.389349376
310M300US38700,"Pontiac, IL Micro Area",0.494468468,0.588527081,0.459679115,1.542674665
310M300US38740,"Poplar Bluff, MO Micro Area",0.369157249,0.482713828,0.457111315,1.308982393
310M300US38780,"Portales, NM Micro Area",0.313244606,0.51661094,0.441243841,1.271099387
310M300US38820,"Port Angeles, WA Micro Area",0.456081839,0.588807122,0.384818541,1.429707503
310M300US38840,"Port Clinton, OH Micro Area",0.549407494,0.550407846,0.324357851,1.424173191
310M300US38860,"Portland-South Portland, ME Metro Area",0.571252707,0.603440189,0.430886636,1.605579532
310M300US38900,"Portland-Vancouver-Hillsboro, OR-WA Metro Area",0.568813399,0.598357974,0.465481195,1.632652568
310M300US38920,"Port Lavaca, TX Micro Area",0.491405867,0.468509508,0.458001253,1.417916628
310M300US38940,"Port St. Lucie, FL Metro Area",0.451889397,0.600652903,0.454673978,1.507216278
310M300US39020,"Portsmouth, OH Micro Area",0.348848729,0.548776102,0.227175096,1.124799928
310M300US39060,"Pottsville, PA Micro Area",0.479057829,0.573703485,0.434959289,1.487720603
310M300US39140,"Prescott, AZ Metro Area",0.463480405,0.606427472,0.463597303,1.53350518
310M300US39220,"Price, UT Micro Area",0.471741,0.54844581,0.492170432,1.512357242
310M300US39260,"Prineville, OR Micro Area",0.449841939,0.618638059,0.372470698,1.440950696
310M300US39300,"Providence-Warwick, RI-MA Metro Area",0.505076182,0.563531271,0.470022381,1.538629834
310M300US39340,"Provo-Orem, UT Metro Area",0.560687715,0.622811409,0.488707225,1.672206348
310M300US39380,"Pueblo, CO Metro Area",0.402826853,0.561074082,0.372963309,1.336864244
310M300US39420,"Pullman, WA Micro Area",0.367867494,0.482210619,0.437245861,1.287323974
310M300US39460,"Punta Gorda, FL Metro Area",0.454732669,0.591563345,0.468743443,1.515039457
310M300US39500,"Quincy, IL-MO Micro Area",0.498660571,0.604907447,0.378817542,1.482385559
310M300US39540,"Racine, WI Metro Area",0.530021871,0.586883362,0.370745041,1.487650275
310M300US39580,"Raleigh, NC Metro Area",0.588119255,0.596807508,0.476254632,1.661181395
310M300US39660,"Rapid City, SD Metro Area",0.523943825,0.587696763,0.485733614,1.597374202
310M300US39700,"Raymondville, TX Micro Area",0.17188907,0.521250373,0.405511842,1.098651285
310M300US39740,"Reading, PA Metro Area",0.501710238,0.600801101,0.482675932,1.58518727
310M300US39780,"Red Bluff, CA Micro Area",0.365084101,0.560968451,0.479428476,1.405481029
310M300US39820,"Redding, CA Metro Area",0.44326355,0.56771819,0.481451043,1.492432783
310M300US39860,"Red Wing, MN Micro Area",0.565371552,0.663871762,0.415691085,1.644934399
310M300US39900,"Reno, NV Metro Area",0.515641494,0.574558204,0.449728138,1.539927836
310M300US39940,"Rexburg, ID Micro Area",0.343722883,0.555063022,0.456246557,1.355032462
310M300US39980,"Richmond, IN Micro Area",0.4246099,0.555549716,0.362550163,1.342709779
310M300US40060,"Richmond, VA Metro Area",0.546621345,0.57768867,0.445770618,1.570080633
310M300US40080,"Richmond-Berea, KY Micro Area",0.428952762,0.548415984,0.392185998,1.369554745
310M300US40100,"Rio Grande City, TX Micro Area",0.143810623,0.513732261,0.40287626,1.060419145
310M300US40140,"Riverside-San Bernardino-Ontario, CA Metro Area",0.460268059,0.561617792,0.565155018,1.587040868
310M300US40180,"Riverton, WY Micro Area",0.502465191,0.554966395,0.501585746,1.559017332
310M300US40220,"Roanoke, VA Metro Area",0.504113941,0.574569419,0.453970857,1.532654217
310M300US40260,"Roanoke Rapids, NC Micro Area",0.309406639,0.469351521,0.449288074,1.228046235
310M300US40300,"Rochelle, IL Micro Area",0.520421764,0.625920037,0.442775521,1.589117321
310M300US40340,"Rochester, MN Metro Area",0.595861942,0.656823116,0.426389926,1.679074984
310M300US40380,"Rochester, NY Metro Area",0.501096575,0.573628662,0.357469433,1.432194669
310M300US40420,"Rockford, IL Metro Area",0.446720406,0.575650378,0.412736304,1.435107087
310M300US40460,"Rockingham, NC Micro Area",0.308467457,0.514927705,0.448204068,1.271599229
310M300US40540,"Rock Springs, WY Micro Area",0.599604551,0.556567745,0.479850511,1.636022807
310M300US40580,"Rocky Mount, NC Metro Area",0.383825901,0.517245675,0.413798326,1.314869902
310M300US40620,"Rolla, MO Micro Area",0.418254461,0.514662457,0.434089132,1.36700605
310M300US40660,"Rome, GA Metro Area",0.425144589,0.523640214,0.4471926,1.395977404
310M300US40700,"Roseburg, OR Micro Area",0.424977286,0.586924983,0.416409154,1.428311422
310M300US40740,"Roswell, NM Micro Area",0.412109228,0.537990019,0.409011384,1.359110631
310M300US40760,"Ruidoso, NM Micro Area",0.415058166,0.559376342,0.455374613,1.429809121
310M300US40780,"Russellville, AR Micro Area",0.408185104,0.566681838,0.443267505,1.418134448
310M300US40820,"Ruston, LA Micro Area",0.325057793,0.473879681,0.424129403,1.223066877
310M300US40860,"Rutland, VT Micro Area",0.517367602,0.591773542,0.430585915,1.539727059
310M300US40900,"Sacramento--Roseville--Arden-Arcade, CA Metro Area",0.518201063,0.577966111,0.452620163,1.548787337
310M300US40940,"Safford, AZ Micro Area",0.411006061,0.557404673,0.496850752,1.465261486
310M300US40980,"Saginaw, MI Metro Area",0.420188845,0.587277238,0.247403598,1.254869681
310M300US41060,"St. Cloud, MN Metro Area",0.530297674,0.617771909,0.44220783,1.590277412
310M300US41100,"St. George, UT Metro Area",0.50776574,0.594185975,0.474326498,1.576278212
310M300US41140,"St. Joseph, MO-KS Metro Area",0.485183807,0.541199316,0.431501799,1.457884922
310M300US41180,"St. Louis, MO-IL Metro Area",0.517241368,0.578846155,0.473055337,1.56914286
310M300US41220,"St. Marys, GA Micro Area",0.499127914,0.525727843,0.438650788,1.463506546
310M300US41260,"St. Marys, PA Micro Area",0.543473654,0.577918158,0.448794705,1.570186517
310M300US41400,"Salem, OH Micro Area",0.456551114,0.599726439,0.257247711,1.313525263
310M300US41420,"Salem, OR Metro Area",0.487725927,0.584200334,0.45066383,1.522590091
310M300US41460,"Salina, KS Micro Area",0.514668544,0.575795242,0.375534501,1.465998288
310M300US41500,"Salinas, CA Metro Area",0.53700802,0.544503725,0.438421159,1.519932904
310M300US41540,"Salisbury, MD-DE Metro Area",0.506030675,0.551061615,0.383893935,1.440986225
310M300US41620,"Salt Lake City, UT Metro Area",0.582319019,0.584957558,0.52081038,1.688086958
310M300US41660,"San Angelo, TX Metro Area",0.502791845,0.553823068,0.524648716,1.581263629
310M300US41700,"San Antonio-New Braunfels, TX Metro Area",0.491968728,0.540337802,0.468023715,1.500330245
310M300US41740,"San Diego-Carlsbad, CA Metro Area",0.580988577,0.55892732,0.52579158,1.665707476
310M300US41760,"Sandpoint, ID Micro Area",0.451196805,0.563667098,0.375810993,1.390674897
310M300US41780,"Sandusky, OH Micro Area",0.503215236,0.562099233,0.314579153,1.379893623
310M300US41820,"Sanford, NC Micro Area",0.443039535,0.571227509,0.373093597,1.387360642
310M300US41860,"San Francisco-Oakland-Hayward, CA Metro Area",0.713535239,0.583725323,0.509663592,1.806924154
310M300US41940,"San Jose-Sunnyvale-Santa Clara, CA Metro Area",0.784049925,0.596271958,0.486831459,1.867153342
310M300US42020,"San Luis Obispo-Paso Robles-Arroyo Grande, CA Metro Area",0.59366355,0.5841224,0.481416347,1.659202297
310M300US42100,"Santa Cruz-Watsonville, CA Metro Area",0.611946407,0.597620196,0.414958582,1.624525185
310M300US42140,"Santa Fe, NM Metro Area",0.509635835,0.578185038,0.429632873,1.517453746
310M300US42200,"Santa Maria-Santa Barbara, CA Metro Area",0.573058931,0.566576312,0.434994912,1.574630156
310M300US42220,"Santa Rosa, CA Metro Area",0.626553957,0.585109482,0.342807791,1.55447123
310M300US42300,"Sault Ste. Marie, MI Micro Area",0.41215435,0.505060845,0.360466915,1.27768211
310M300US42340,"Savannah, GA Metro Area",0.474664064,0.501418685,0.452064627,1.428147376
310M300US42380,"Sayre, PA Micro Area",0.51348445,0.57722015,0.414309425,1.505014026
310M300US42420,"Scottsbluff, NE Micro Area",0.475529968,0.567873524,0.518438871,1.561842363
310M300US42460,"Scottsboro, AL Micro Area",0.408381571,0.605526149,0.454785305,1.468693025
310M300US42540,"Scranton--Wilkes-Barre--Hazleton, PA Metro Area",0.466039899,0.557719633,0.449171207,1.472930739
310M300US42620,"Searcy, AR Micro Area",0.454769694,0.619966306,0.445932579,1.520668579
310M300US42660,"Seattle-Tacoma-Bellevue, WA Metro Area",0.628492768,0.585015429,0.47136151,1.684869707
310M300US42680,"Sebastian-Vero Beach, FL Metro Area",0.434365013,0.623130329,0.484759715,1.542255058
310M300US42700,"Sebring, FL Metro Area",0.360135499,0.598444489,0.442626892,1.401206881
310M300US42740,"Sedalia, MO Micro Area",0.45537337,0.545718659,0.442596172,1.4436882
310M300US42780,"Selinsgrove, PA Micro Area",0.54565032,0.607758456,0.451722973,1.605131748
310M300US42820,"Selma, AL Micro Area",0.231459172,0.53655672,0.407166973,1.175182865
310M300US42860,"Seneca, SC Micro Area",0.427415603,0.581026476,0.463473787,1.471915866
310M300US42900,"Seneca Falls, NY Micro Area",0.514285248,0.557997127,0.329748874,1.40203125
310M300US42940,"Sevierville, TN Micro Area",0.459904217,0.494435262,0.465198609,1.419538088
310M300US42980,"Seymour, IN Micro Area",0.504411578,0.58097566,0.385619112,1.47100635
310M300US43020,"Shawano, WI Micro Area",0.497238123,0.573299809,0.452606702,1.523144634
310M300US43060,"Shawnee, OK Micro Area",0.450135587,0.540398144,0.392648654,1.383182385
310M300US43100,"Sheboygan, WI Metro Area",0.564448923,0.631431905,0.403386601,1.599267429
310M300US43140,"Shelby, NC Micro Area",0.370422509,0.550237328,0.450595011,1.371254848
310M300US43180,"Shelbyville, TN Micro Area",0.441259256,0.56130625,0.403797452,1.406362959
310M300US43220,"Shelton, WA Micro Area",0.462005858,0.5414023,0.418215423,1.421623581
310M300US43260,"Sheridan, WY Micro Area",0.582816871,0.592595762,0.498836478,1.674249111
310M300US43300,"Sherman-Denison, TX Metro Area",0.487146004,0.525843376,0.443534251,1.456523631
310M300US43320,"Show Low, AZ Micro Area",0.262892692,0.495628051,0.431479706,1.190000449
310M300US43340,"Shreveport-Bossier City, LA Metro Area",0.396496691,0.527386238,0.432093021,1.35597595
310M300US43380,"Sidney, OH Micro Area",0.551326361,0.602351925,0.284840322,1.438518608
310M300US43420,"Sierra Vista-Douglas, AZ Metro Area",0.447045782,0.566590383,0.463601358,1.477237523
310M300US43460,"Sikeston, MO Micro Area",0.432066741,0.550961549,0.463149078,1.446177369
310M300US43500,"Silver City, NM Micro Area",0.37852938,0.552035294,0.384484526,1.3150492
310M300US43580,"Sioux City, IA-NE-SD Metro Area",0.526438522,0.594452851,0.429259818,1.550151191
310M300US43620,"Sioux Falls, SD Metro Area",0.588513234,0.594897999,0.450730442,1.634141675
310M300US43660,"Snyder, TX Micro Area",0.50390891,0.53395387,0.476127558,1.513990338
310M300US43700,"Somerset, KY Micro Area",0.323068468,0.565035631,0.422231859,1.310335958
310M300US43740,"Somerset, PA Micro Area",0.477223175,0.611416972,0.409703995,1.498344143
310M300US43760,"Sonora, CA Micro Area",0.471383467,0.561776084,0.484996536,1.518156088
310M300US43780,"South Bend-Mishawaka, IN-MI Metro Area",0.460740453,0.571090501,0.337972831,1.369803785
310M300US43900,"Spartanburg, SC Metro Area",0.45761789,0.593429444,0.433522158,1.484569491
310M300US43940,"Spearfish, SD Micro Area",0.508431092,0.547849728,0.456091079,1.512371899
310M300US43980,"Spencer, IA Micro Area",0.53422999,0.588547893,0.429216959,1.551994841
310M300US44020,"Spirit Lake, IA Micro Area",0.588023969,0.568766425,0.443511358,1.600301752
310M300US44060,"Spokane-Spokane Valley, WA Metro Area",0.483135979,0.595120665,0.482806876,1.56106352
310M300US44100,"Springfield, IL Metro Area",0.50610038,0.589776038,0.412076743,1.507953162
310M300US44140,"Springfield, MA Metro Area",0.472009847,0.565427507,0.489465861,1.526903215
310M300US44180,"Springfield, MO Metro Area",0.478250196,0.564156301,0.434839691,1.477246188
310M300US44220,"Springfield, OH Metro Area",0.456786574,0.553095188,0.305615748,1.315497511
310M300US44260,"Starkville, MS Micro Area",0.305647423,0.46548337,0.421398214,1.192529007
310M300US44300,"State College, PA Metro Area",0.513731218,0.588624305,0.459816372,1.562171895
310M300US44340,"Statesboro, GA Micro Area",0.345101793,0.466618704,0.456605943,1.26832644
310M300US44420,"Staunton-Waynesboro, VA Metro Area",0.535029673,0.588095182,0.443461262,1.566586118
310M300US44460,"Steamboat Springs, CO Micro Area",0.5982877,0.584708989,0.419664688,1.602661377
310M300US44500,"Stephenville, TX Micro Area",0.426683245,0.521032262,0.396418392,1.344133899
310M300US44540,"Sterling, CO Micro Area",0.462162145,0.584713556,0.454844963,1.501720664
310M300US44580,"Sterling, IL Micro Area",0.514204535,0.606346787,0.409240427,1.529791748
310M300US44620,"Stevens Point, WI Micro Area",0.527689823,0.623106903,0.434826617,1.585623343
310M300US44660,"Stillwater, OK Micro Area",0.377609342,0.479511285,0.426215022,1.283335649
310M300US44700,"Stockton-Lodi, CA Metro Area",0.454517224,0.55484794,0.462301666,1.47166683
310M300US44740,"Storm Lake, IA Micro Area",0.505085205,0.591107394,0.454596866,1.550789465
310M300US44780,"Sturgis, MI Micro Area",0.489011117,0.582512735,0.13246741,1.203991263
310M300US44860,"Sulphur Springs, TX Micro Area",0.459597734,0.563278539,0.39319697,1.416073243
310M300US44900,"Summerville, GA Micro Area",0.343186646,0.539160711,0.434675096,1.317022454
310M300US44920,"Summit Park, UT Micro Area",0.716768752,0.553480652,0.450902262,1.721151666
310M300US44940,"Sumter, SC Metro Area",0.381175955,0.557846328,0.433216606,1.372238889
310M300US44980,"Sunbury, PA Micro Area",0.477422858,0.555816255,0.428715288,1.461954402
310M300US45000,"Susanville, CA Micro Area",0.476030412,0.513756544,0.486822601,1.476609556
310M300US45020,"Sweetwater, TX Micro Area",0.411387352,0.500083913,0.492390234,1.403861499
310M300US45060,"Syracuse, NY Metro Area",0.495627359,0.567293786,0.381383029,1.444304173
310M300US45140,"Tahlequah, OK Micro Area",0.388772075,0.485318548,0.390754183,1.264844806
310M300US45180,"Talladega-Sylacauga, AL Micro Area",0.374119281,0.599747384,0.417124917,1.390991582
310M300US45220,"Tallahassee, FL Metro Area",0.432889496,0.523847148,0.432746086,1.38948273
310M300US45300,"Tampa-St. Petersburg-Clearwater, FL Metro Area",0.473489566,0.556460955,0.461628134,1.491578655
310M300US45340,"Taos, NM Micro Area",0.338805988,0.511584616,0.4171889,1.267579504
310M300US45380,"Taylorville, IL Micro Area",0.517674005,0.608172944,0.40280732,1.52865427
310M300US45460,"Terre Haute, IN Metro Area",0.455380031,0.53475935,0.401094856,1.391234237
310M300US45500,"Texarkana, TX-AR Metro Area",0.409043514,0.55450444,0.405431383,1.368979336
310M300US45520,"The Dalles, OR Micro Area",0.477735817,0.567406626,0.438293304,1.483435747
310M300US45540,"The Villages, FL Metro Area",0.527312918,0.715112841,0.455906033,1.698331792
310M300US45580,"Thomaston, GA Micro Area",0.329508515,0.558694283,0.425602582,1.31380538
310M300US45620,"Thomasville, GA Micro Area",0.377572658,0.499950786,0.459418918,1.336942362
310M300US45660,"Tiffin, OH Micro Area",0.491595406,0.573728108,0.353513907,1.418837421
310M300US45700,"Tifton, GA Micro Area",0.346362255,0.48537718,0.457540334,1.289279769
310M300US45740,"Toccoa, GA Micro Area",0.353991142,0.551890106,0.485637015,1.391518263
310M300US45780,"Toledo, OH Metro Area",0.436348538,0.54555262,0.30522015,1.287121308
310M300US45820,"Topeka, KS Metro Area",0.534033024,0.576517117,0.426895067,1.537445209
310M300US45860,"Torrington, CT Micro Area",0.593683112,0.6610079,0.452036818,1.706727831
310M300US45900,"Traverse City, MI Micro Area",0.519043447,0.620370008,0.321672031,1.461085486
310M300US45940,"Trenton, NJ Metro Area",0.539964001,0.580130899,0.466540287,1.586635187
310M300US45980,"Troy, AL Micro Area",0.314271073,0.482493553,0.434845786,1.231610413
310M300US46020,"Truckee-Grass Valley, CA Micro Area",0.528782323,0.615901147,0.496231126,1.640914596
310M300US46060,"Tucson, AZ Metro Area",0.432504125,0.541923503,0.428405475,1.402833104
310M300US46100,"Tullahoma-Manchester, TN Micro Area",0.453355241,0.576711805,0.41477335,1.444840395
310M300US46140,"Tulsa, OK Metro Area",0.486723558,0.53997597,0.433450945,1.460150473
310M300US46180,"Tupelo, MS Micro Area",0.431736221,0.539756476,0.454951063,1.426443761
310M300US46220,"Tuscaloosa, AL Metro Area",0.433109322,0.584232574,0.488763363,1.506105259
310M300US46300,"Twin Falls, ID Micro Area",0.491259811,0.573317787,0.428762776,1.493340374
310M300US46340,"Tyler, TX Metro Area",0.467770887,0.556325696,0.456827043,1.480923627
310M300US46380,"Ukiah, CA Micro Area",0.390485032,0.553704717,0.360124533,1.304314282
310M300US46460,"Union City, TN-KY Micro Area",0.372021217,0.518363782,0.429977797,1.320362796
310M300US46500,"Urbana, OH Micro Area",0.527466728,0.591717428,0.268593846,1.387778002
310M300US46520,"Urban Honolulu, HI Metro Area",0.693333669,0.545476225,0.418898253,1.657708147
310M300US46540,"Utica-Rome, NY Metro Area",0.468156644,0.554813484,0.364816231,1.387786358
310M300US46620,"Uvalde, TX Micro Area",0.418198779,0.535163656,0.459937969,1.413300404
310M300US46660,"Valdosta, GA Metro Area",0.329978869,0.489639719,0.480172391,1.29979098
310M300US46700,"Vallejo-Fairfield, CA Metro Area",0.583327934,0.558611172,0.454670828,1.596609935
310M300US46740,"Valley, AL Micro Area",0.40129871,0.550689266,0.449945129,1.401933105
310M300US46780,"Van Wert, OH Micro Area",0.516302095,0.609352378,0.394817511,1.520471983
310M300US46820,"Vermillion, SD Micro Area",0.386380386,0.504210003,0.442284096,1.332874485
310M300US46860,"Vernal, UT Micro Area",0.528645983,0.580981935,0.478929839,1.588557758
310M300US46900,"Vernon, TX Micro Area",0.460119058,0.443769223,0.435608992,1.339497273
310M300US46980,"Vicksburg, MS Micro Area",0.332544858,0.523446504,0.451717159,1.307708521
310M300US47020,"Victoria, TX Metro Area",0.496639494,0.542910394,0.460785437,1.500335325
310M300US47080,"Vidalia, GA Micro Area",0.309513762,0.529664589,0.480194144,1.319372495
310M300US47180,"Vincennes, IN Micro Area",0.483964073,0.524731577,0.389825798,1.398521448
310M300US47220,"Vineland-Bridgeton, NJ Metro Area",0.41784714,0.524616703,0.393459283,1.335923127
310M300US47240,"Vineyard Haven, MA Micro Area",0.612591962,0.555482758,0.418903235,1.586977955
310M300US47260,"Virginia Beach-Norfolk-Newport News, VA-NC Metro Area",0.542460883,0.54795147,0.401749099,1.492161452
310M300US47300,"Visalia-Porterville, CA Metro Area",0.331735087,0.562211203,0.482966026,1.376912316
310M300US47340,"Wabash, IN Micro Area",0.51873406,0.627086063,0.338867105,1.484687228
310M300US47380,"Waco, TX Metro Area",0.429631074,0.494767194,0.438556233,1.362954501
310M300US47420,"Wahpeton, ND-MN Micro Area",0.57934522,0.616764092,0.387235372,1.583344684
310M300US47460,"Walla Walla, WA Metro Area",0.477173055,0.604542348,0.424866825,1.506582228
310M300US47540,"Wapakoneta, OH Micro Area",0.588234836,0.648860766,0.278982696,1.516078298
310M300US47580,"Warner Robins, GA Metro Area",0.474590027,0.531545628,0.444194413,1.450330068
310M300US47620,"Warren, PA Micro Area",0.483468472,0.563542198,0.384212118,1.431222788
310M300US47660,"Warrensburg, MO Micro Area",0.512230969,0.551682937,0.431846555,1.495760461
310M300US47700,"Warsaw, IN Micro Area",0.550695886,0.560652867,0.429106886,1.540455639
310M300US47780,"Washington, IN Micro Area",0.494936111,0.59097492,0.34537179,1.431282821
310M300US47820,"Washington, NC Micro Area",0.378589375,0.552071382,0.376801696,1.307462453
310M300US47900,"Washington-Arlington-Alexandria, DC-VA-MD-WV Metro Area",0.710938781,0.600245108,0.534612196,1.845796084
310M300US47920,"Washington Court House, OH Micro Area",0.446141052,0.532322451,0.310867188,1.289330692
310M300US47940,"Waterloo-Cedar Falls, IA Metro Area",0.513912523,0.620463524,0.438827754,1.573203801
310M300US47980,"Watertown, SD Micro Area",0.548358225,0.563417207,0.461477515,1.573252947
310M300US48020,"Watertown-Fort Atkinson, WI Micro Area",0.566141847,0.624218899,0.448364622,1.638725369
310M300US48060,"Watertown-Fort Drum, NY Metro Area",0.50051704,0.488195905,0.372358475,1.36107142
310M300US48100,"Wauchula, FL Micro Area",0.35321432,0.595165176,0.439784821,1.388164317
310M300US48140,"Wausau, WI Metro Area",0.538239417,0.645207497,0.410895169,1.594342083
310M300US48180,"Waycross, GA Micro Area",0.390293429,0.518267626,0.472643019,1.381204074
310M300US48220,"Weatherford, OK Micro Area",0.504795185,0.496744239,0.383237974,1.384777398
310M300US48260,"Weirton-Steubenville, WV-OH Metro Area",0.468251437,0.566409946,0.381178888,1.41584027
310M300US48300,"Wenatchee, WA Metro Area",0.521972842,0.571877479,0.453586688,1.547437009
310M300US48460,"West Plains, MO Micro Area",0.385716045,0.569015748,0.453607706,1.408339499
310M300US48500,"West Point, MS Micro Area",0.296033613,0.556110001,0.384419228,1.236562842
310M300US48540,"Wheeling, WV-OH Metro Area",0.471265193,0.579415415,0.409966279,1.460646887
310M300US48580,"Whitewater-Elkhorn, WI Micro Area",0.514237837,0.573547895,0.443654318,1.53144005
310M300US48620,"Wichita, KS Metro Area",0.508285716,0.559023363,0.422035419,1.489344498
310M300US48660,"Wichita Falls, TX Metro Area",0.449956504,0.5205925,0.444049778,1.414598782
310M300US48700,"Williamsport, PA Metro Area",0.496611462,0.578106954,0.403904146,1.478622562
310M300US48780,"Williston, ND Micro Area",0.671463857,0.512633686,0.451708772,1.635806315
310M300US48820,"Willmar, MN Micro Area",0.546019962,0.632560713,0.431694401,1.610275076
310M300US48900,"Wilmington, NC Metro Area",0.449559416,0.544431493,0.423233557,1.417224467
310M300US48940,"Wilmington, OH Micro Area",0.46839104,0.558754297,0.301283628,1.328428965
310M300US48980,"Wilson, NC Micro Area",0.398525995,0.533628376,0.436569988,1.368724359
310M300US49020,"Winchester, VA-WV Metro Area",0.588992827,0.562687527,0.465161325,1.616841679
310M300US49080,"Winnemucca, NV Micro Area",0.599824758,0.549784245,0.511502825,1.661111828
310M300US49100,"Winona, MN Micro Area",0.498449119,0.620802836,0.405327476,1.524579431
310M300US49180,"Winston-Salem, NC Metro Area",0.440454608,0.585669136,0.464267271,1.490391015
310M300US49220,"Wisconsin Rapids-Marshfield, WI Micro Area",0.53402161,0.631754199,0.425609145,1.591384954
310M300US49260,"Woodward, OK Micro Area",0.529117682,0.567682383,0.39810888,1.494908945
310M300US49300,"Wooster, OH Micro Area",0.525821895,0.629809742,0.344548316,1.500179953
310M300US49340,"Worcester, MA-CT Metro Area",0.551359595,0.596644923,0.459442393,1.607446912
310M300US49380,"Worthington, MN Micro Area",0.465332141,0.600354876,0.433904747,1.499591764
310M300US49420,"Yakima, WA Metro Area",0.42200637,0.560703283,0.4495613,1.432270953
310M300US49460,"Yankton, SD Micro Area",0.492820207,0.572598784,0.378424735,1.443843726
310M300US49620,"York-Hanover, PA Metro Area",0.557758229,0.612781845,0.464030654,1.634570728
310M300US49660,"Youngstown-Warren-Boardman, OH-PA Metro Area",0.446485481,0.583849249,0.382851034,1.413185765
310M300US49700,"Yuba City, CA Metro Area",0.43924489,0.561313972,0.473700799,1.474259661
310M300US49740,"Yuma, AZ Metro Area",0.384488114,0.56534616,0.41322277,1.363057044
310M300US49780,"Zanesville, OH Micro Area",0.453475528,0.576408063,0.344499525,1.374383117
310M300US49820,"Zapata, TX Micro Area",0.203537006,0.482714182,0.420995305,1.107246492
